-- MySQL Administrator dump 1.4
--
-- ------------------------------------------------------
-- Server version	5.0.67-community-nt


/*!40101 SET @OLD_CHARACTER_SET_CLIENT=@@CHARACTER_SET_CLIENT */;
/*!40101 SET @OLD_CHARACTER_SET_RESULTS=@@CHARACTER_SET_RESULTS */;
/*!40101 SET @OLD_COLLATION_CONNECTION=@@COLLATION_CONNECTION */;
/*!40101 SET NAMES utf8 */;

/*!40014 SET @OLD_UNIQUE_CHECKS=@@UNIQUE_CHECKS, UNIQUE_CHECKS=0 */;
/*!40014 SET @OLD_FOREIGN_KEY_CHECKS=@@FOREIGN_KEY_CHECKS, FOREIGN_KEY_CHECKS=0 */;
/*!40101 SET @OLD_SQL_MODE=@@SQL_MODE, SQL_MODE='NO_AUTO_VALUE_ON_ZERO' */;


--
-- Create schema booktracker
--

CREATE DATABASE IF NOT EXISTS booktracker;
USE booktracker;

--
-- Definition of table `alt_vers`
--

DROP TABLE IF EXISTS `alt_vers`;
CREATE TABLE `alt_vers` (
  `isbn` varchar(10) default NULL,
  `alt_ver` varchar(10) default NULL,
  KEY `isbn` (`isbn`),
  CONSTRAINT `alt_vers_ibfk_1` FOREIGN KEY (`isbn`) REFERENCES `book` (`isbn`)
) ENGINE=InnoDB DEFAULT CHARSET=latin1;

--
-- Dumping data for table `alt_vers`
--

/*!40000 ALTER TABLE `alt_vers` DISABLE KEYS */;
INSERT INTO `alt_vers` (`isbn`,`alt_ver`) VALUES 
 ('0061433012','0061433020'),
 ('0061433012','0061658219'),
 ('0061433012','0061709131'),
 ('0061433012','0385613717'),
 ('0061433012','1846576946'),
 ('0061433012','0385613709'),
 ('0061474096','0061694940'),
 ('0061474096','B0015DPXKI'),
 ('0061474096','1427205906'),
 ('0316143472','0316024597'),
 ('0316143472','1600241824'),
 ('0316143472','B001AWVRYK'),
 ('0316143472','B0013TPV0Q'),
 ('0316143472','1600242316'),
 ('0345496884','0007256752'),
 ('0345496884','0007259158'),
 ('0345496884','B0010SKULK'),
 ('0345496884','0739368648'),
 ('0345501748','0345502078'),
 ('0345501748','B000Y4RS5M'),
 ('0345501748','0739357891'),
 ('0345501748','038566544X'),
 ('0345501748','1410405745'),
 ('0380798379','0380976536'),
 ('0380798379','B000W94H1M'),
 ('0380798379','B000O17D1E'),
 ('0380798379','1596060492'),
 ('0425222330','1905204841'),
 ('0425222330','1847240801'),
 ('0441013651','0441016685'),
 ('0441013651','B000OIZUIA'),
 ('0441013651','1930846258'),
 ('0441013651','B000HT2P1G'),
 ('0441013651','1841495697'),
 ('0441016197','B00125L88K'),
 ('0441016383','0143143751'),
 ('0451462289','1400106826'),
 ('0451462289','B001650UNA'),
 ('0451462289','1400156823'),
 ('0451462289','1400136822'),
 ('0553345923','0553051946'),
 ('0553345923','0553270206'),
 ('0553345923','0553374303'),
 ('0553345923','0575043253'),
 ('0553345923','B000P2XJOW'),
 ('0553345923','1433201127'),
 ('0553345923','B000F83TBO'),
 ('0553345923','0575041080'),
 ('0553345923','1433201119'),
 ('0553345923','2266081411'),
 ('0553345923','274360039X'),
 ('0553345923','1433201100'),
 ('0765304961','0765322102'),
 ('0765304961','1427205124'),
 ('0765315459','B001FY4RO0'),
 ('0765318679','0230014488'),
 ('0765318679','023001450X'),
 ('0765318679','0765358395'),
 ('0765318679','0765321009'),
 ('0765319209','B0015DTUZC'),
 ('0765320428','0007232179'),
 ('0765320428','0007232187'),
 ('0765320428','0765360225'),
 ('0765320428','0007232195'),
 ('0765358549','1857020766'),
 ('0765358549','1933368365'),
 ('0765358549','1857022173'),
 ('1555839878','1555838995'),
 ('1590200152','0553096427'),
 ('1590200152','0553374680'),
 ('1590200152','B001F7ATX0'),
 ('1590200152','B000FA5NRK'),
 ('159102594X','0575077859'),
 ('159102594X','0575079797'),
 ('159102594X','0575077867'),
 ('1591026415','0575077875'),
 ('1591026415','0575082011'),
 ('1591026415','0575077883'),
 ('1591026903','0575077891'),
 ('1591026903','0575084162'),
 ('1591026903','0575077905'),
 ('1595540857','1435281357'),
 ('1595540857','1598591622'),
 ('1595540857','1904233708'),
 ('1595540857','1904233716'),
 ('1595540857','1904233937'),
 ('1595540857','B000N6U42K'),
 ('1595540857','1602524076'),
 ('1595540857','1595540881'),
 ('1595540857','1595543295'),
 ('1595540857','B001C34T7O'),
 ('1595540857','B00164EAY6'),
 ('159554089X','1595540865'),
 ('159554089X','1598592998'),
 ('159554089X','1904233724'),
 ('159554089X','B001F0EYPG'),
 ('159554089X','190565412X'),
 ('159554089X','B001ECQ282'),
 ('159554089X','B001ECQGM4'),
 ('159554089X','1904233732'),
 ('1930846452','0441016715'),
 ('1595540873','1598594885'),
 ('0061161659','0061161640'),
 ('0061161659','0061363928'),
 ('0061161659','0552154903'),
 ('0061161659','B000SEHLE6'),
 ('0061161659','0385611013'),
 ('0061161659','B000W7E5CU'),
 ('0060853972','B000JU7N7E'),
 ('0060853972','0060853964'),
 ('0060853972','0061121304'),
 ('0060853972','0425132153'),
 ('0060853972','0606311777'),
 ('0060853972','0613673298'),
 ('0060853972','141776760X'),
 ('0060853972','0060853980'),
 ('0060853972','0441003257'),
 ('0060853972','0441008615'),
 ('0060853972','0517126648'),
 ('0060853972','0552137030'),
 ('0060853972','0894808532'),
 ('0061020710','0060855924'),
 ('0061020710','0312150849'),
 ('0061020710','0451135776'),
 ('0061020710','0451157052'),
 ('0061020710','0552140171'),
 ('0061020710','0575061650'),
 ('0061020710','0575080450'),
 ('0061020710','0575084782'),
 ('0061020710','0575085096'),
 ('0061020710','0613277732'),
 ('0061020710','0753107082'),
 ('0061020710','0861400895'),
 ('0061020710','086140324X'),
 ('0061020710','143527458X'),
 ('0061020710','1856953246'),
 ('0061020710','1856953645'),
 ('0061020710','2266071564'),
 ('0061020710','B0000546VE'),
 ('0061020710','B00005VN2Y'),
 ('0061020710','B000NOKC4C'),
 ('0061020710','B000W9399S'),
 ('0061020710','0451451120'),
 ('0061020710','0552124753'),
 ('0061020710','0552138932'),
 ('0061020710','0552139459'),
 ('0061020710','0552152927'),
 ('0061020710','1856958000'),
 ('0061020664','B000W94DZC'),
 ('0061020664','0552134600'),
 ('0061020664','0552140147'),
 ('0061020664','0552144304'),
 ('0061020664','0552145750'),
 ('0061020664','0552152633'),
 ('0061020664','0552750018'),
 ('0061020664','0575043636'),
 ('0061020664','0575063041'),
 ('0061020664','0575064110'),
 ('0061020664','0613572971'),
 ('0061020664','0753100215'),
 ('0061020664','0753123177'),
 ('0061020664','1435274709'),
 ('0061020664','B0000546VJ'),
 ('0061020664','B000NOKC5G'),
 ('0061020664','0451450124'),
 ('0060012358','B000YGIIPO'),
 ('0061020648','0552140120'),
 ('0061020648','0575046066'),
 ('0061020648','0575064854'),
 ('0061020648','B000UVBT7M'),
 ('0061020648','0753100169'),
 ('0061020648','0753106973'),
 ('0061020648','1568651937'),
 ('0061020648','B0000546W9'),
 ('0061020648','0613572173'),
 ('0060012382','0060012366'),
 ('0060012382','0060012374'),
 ('0060012382','0060566256'),
 ('0060012382','0385605331'),
 ('0060012382','B000VYXIQI'),
 ('0060012382','0552551864'),
 ('0060012382','0606306846'),
 ('0060012382','1417627646'),
 ('0060012382','B0007OB512'),
 ('0060012382','B000R33QWY'),
 ('0060012382','0552549053'),
 ('0061020702','B000W914OU'),
 ('0061020702','0451152972'),
 ('0061020702','0451162412'),
 ('0061020702','0552128481'),
 ('0061020702','055214018X'),
 ('0061020702','0552141593'),
 ('0061020702','0552152595'),
 ('0061020702','0613279387'),
 ('0061020702','0861402030'),
 ('0061020702','1856953696'),
 ('0061020702','1856953998'),
 ('0061020702','1856958310'),
 ('0061020702','B0000546VF'),
 ('0061020702','0312486030'),
 ('0061020680','B000W967UQ'),
 ('0061020680','0451159233'),
 ('0061020680','0451451139'),
 ('0061020680','0552131067'),
 ('0061020680','0552140155'),
 ('0061020680','0552144290'),
 ('0061020680','0552152617'),
 ('0061020680','0552212210'),
 ('0061020680','0575041714'),
 ('0061020680','0575056975'),
 ('0061020680','0575061677'),
 ('0061020680','0575064080'),
 ('0061020680','0613572491'),
 ('0061020680','0753151103'),
 ('0061020680','1850890447'),
 ('0061020680','1856958450'),
 ('0061020680','840147941X'),
 ('0061020680','8483463288'),
 ('0061020680','8497596013'),
 ('0061020680','9993762954'),
 ('0061020680','B0000546VP'),
 ('0061020680','B000NOKC24'),
 ('0061020680','030436424X'),
 ('0060586621','0060586605'),
 ('0060586621','B000R4LGMA'),
 ('0060586621','0060747684'),
 ('0060586621','0385607369'),
 ('0060586621','0552157848'),
 ('0060586621','0552551449'),
 ('0060586621','055255264X'),
 ('0060586621','0606339493'),
 ('0060586621','141772658X'),
 ('0060586621','1435232801'),
 ('0060586621','B0006DMF8G'),
 ('0060586621','B0007OB50S'),
 ('0060586621','B000BX9KKM'),
 ('0060586621','B000CDG85G'),
 ('0060586621','B000NOIWDK'),
 ('0060586621','0060586613'),
 ('0061020656','0451450442'),
 ('0061020656','0516303457'),
 ('0061020656','0552140139'),
 ('0061020656','B000W964S6'),
 ('0061020656','0613572645'),
 ('0061020656','0753101408'),
 ('0061020656','B0000X8R7A'),
 ('0061020656','0575064846'),
 ('0061020699','0060855908'),
 ('0061020699','B000W9393Y'),
 ('0061020699','0451157044'),
 ('0061020699','0451450922'),
 ('0061020699','0552131059'),
 ('0061020699','0552140163'),
 ('0061020699','0552152242'),
 ('0061020699','0575039507'),
 ('0061020699','0575064102'),
 ('0061020699','0613278089'),
 ('0061020699','0753107376'),
 ('0061020699','1856953874'),
 ('0061020699','1856958280'),
 ('0061020699','B0000546VH'),
 ('006105691X','0061052515'),
 ('006105691X','0552142360'),
 ('006105691X','0552144266'),
 ('006105691X','0575058080'),
 ('006105691X','B000UVBT36'),
 ('006105691X','0753105187'),
 ('006105691X','0753107430'),
 ('006105691X','0753151561'),
 ('006105691X','B000094CCP'),
 ('006105691X','0613237420'),
 ('0380821214','B000UVBT18'),
 ('0380821214','0552145726'),
 ('0380821214','0552153346'),
 ('0380821214','0575046368'),
 ('0380821214','0575048360'),
 ('0380821214','0575051914'),
 ('0380821214','0575600012'),
 ('0380821214','061357205X'),
 ('0380821214','0753112663'),
 ('0380821214','1435274733'),
 ('0380821214','1857989546'),
 ('0380821214','2266111329'),
 ('0380821214','2841720535'),
 ('0380821214','8483460084'),
 ('0380821214','B00008MOWL'),
 ('0380821214','B000NOIWE4'),
 ('0380821214','0451453573'),
 ('0061020672','B000W913S2'),
 ('0061020672','0552131075'),
 ('0061020672','0552140112'),
 ('0061020672','0552152625'),
 ('0061020672','0575042176'),
 ('0061020672','057506305X'),
 ('0061020672','0575064099'),
 ('0061020672','0575083190'),
 ('0061020672','0575083212'),
 ('0061020672','0613572785'),
 ('0061020672','1435274695'),
 ('0061020672','1856958620'),
 ('0061020672','9994320688'),
 ('0061020672','B0000546VN'),
 ('0061020672','B000NOKC3S'),
 ('0061020672','0451162331'),
 ('0061054895','0061052035'),
 ('0061054895','0552140295'),
 ('0061054895','055214424X'),
 ('0061054895','0552145564'),
 ('0061054895','0575055049'),
 ('0061054895','B000TU16SQ'),
 ('0061054895','0613572777'),
 ('0061054895','0753101203'),
 ('0061054895','0753103036'),
 ('0061054895','0753122162'),
 ('0061054895','075315157X'),
 ('0061054895','B0000546VO'),
 ('0061054895','057506689X'),
 ('0061020397','B000W5MI9Y'),
 ('0061020397','0385409923'),
 ('0061020397','0552146153'),
 ('0061020397','0552146536'),
 ('0061020397','0552154202'),
 ('0061020397','0613277619'),
 ('0061020397','0753108380'),
 ('0061020397','075310959X'),
 ('0061020397','1435274687'),
 ('0061020397','1843956438'),
 ('0061020397','8374693304'),
 ('0061020397','B0006RDUFE'),
 ('0061020397','B000NOKBZM'),
 ('0061020397','0061051586'),
 ('0060502932','0060013133'),
 ('0060502932','B000W965QM'),
 ('0060502932','1417735481'),
 ('0060502932','184395527X'),
 ('0060502932','B000NIWHXW'),
 ('0060502932','0060740884'),
 ('0060502932','0385603428'),
 ('0060502932','0552149438'),
 ('0060502932','0552152285'),
 ('0060502932','0552154326'),
 ('0060502932','0606344446'),
 ('0060502932','1435274806'),
 ('0060502932','B0007OP2ZC'),
 ('0060502932','B000A1EITS'),
 ('0061092193','0061092185'),
 ('0061092193','0552140287'),
 ('0061092193','0552144231'),
 ('0061092193','0552153168'),
 ('0061092193','0552153176'),
 ('0061092193','0575055030'),
 ('0061092193','057506577X'),
 ('0061092193','B000NOKC1U'),
 ('0061092193','B000TU16RC'),
 ('0061092193','0552144320'),
 ('0061092193','061334006X'),
 ('0061092193','0753100177'),
 ('0061092193','0753122561'),
 ('0061092193','1435274628'),
 ('0061092193','B0000546VK'),
 ('0061092193','B000P1UB4Y'),
 ('0061020613','B001AW2OYC'),
 ('0061020613','055215296X'),
 ('0061020613','0575049804'),
 ('0061020613','1435274776'),
 ('0061020613','B0000546VG'),
 ('0061020613','0451452259'),
 ('0061020613','0552134651'),
 ('0061020613','0552144150'),
 ('0061020613','0552153028'),
 ('0061020613','057506580X'),
 ('0061020613','0753100207'),
 ('0061020613','0753123452'),
 ('0061020613','B000NOKC56'),
 ('006102063X','0552140104'),
 ('006102063X','0552153001'),
 ('006102063X','0575047631'),
 ('006102063X','B000NOKC2E'),
 ('006102063X','B000UVBT3G'),
 ('006102063X','0552134635'),
 ('006102063X','0552152943'),
 ('006102063X','0575064862'),
 ('006102063X','0753101394'),
 ('006102063X','0753114771'),
 ('006102063X','1417702370'),
 ('006102063X','1435274741'),
 ('006102063X','B00008DASP'),
 ('006102063X','0451451317'),
 ('0061092177','0060177500'),
 ('0061092177','0552138908'),
 ('0061092177','0552144169'),
 ('0061092177','0552153036'),
 ('0061092177','0575052228'),
 ('0061092177','0613572750'),
 ('0061092177','B0000W6SOA'),
 ('0061092177','B000QTEA3I'),
 ('0061092177','0552152978'),
 ('0061092177','0575065796'),
 ('0061092177','0753101416'),
 ('0061092177','0753115557'),
 ('0061092177','B000NOKC38'),
 ('0060507772','1417700920'),
 ('0060507772','0061040967'),
 ('0061056928','0060177519'),
 ('0061056928','B000TU16R2'),
 ('0061056928','0552144177'),
 ('0061056928','055215315X'),
 ('0061056928','057301888X'),
 ('0061056928','0575052236'),
 ('0061056928','0753100185'),
 ('0061056928','0753123169'),
 ('0061056928','B000NOKC1A'),
 ('0061056928','0061092169'),
 ('0061056928','0552138916'),
 ('0061056928','0552153184'),
 ('0061056928','0575065788'),
 ('0061056928','0613572424'),
 ('0061056928','143527461X'),
 ('0061056928','B0000546VI'),
 ('0061057649','0061052507'),
 ('0061057649','0552142379'),
 ('0061057649','0552145734'),
 ('0061057649','0552153265'),
 ('0061057649','0575059001'),
 ('0061057649','0613572076'),
 ('0061057649','B0000891YC'),
 ('0061057649','B000NOIWEE'),
 ('0061057649','B000TU16OU'),
 ('0061057649','0061053392'),
 ('0061057649','B001H0ACNW'),
 ('0061057649','0552153257'),
 ('0061057649','0753105195'),
 ('0061057649','0753107449'),
 ('0061057649','1435274636'),
 ('0061020621','B000UVBT4A'),
 ('0061020621','0552134643'),
 ('0061020621','0552140090'),
 ('0061020621','0552152951'),
 ('0061020621','061391340X'),
 ('0061020621','075312212X'),
 ('0061020621','B0000546VM'),
 ('0061020621','055215301X'),
 ('0061020621','0575049790'),
 ('0061020621','0575064838'),
 ('0061020621','0753100193'),
 ('0061020621','143527475X'),
 ('0061020621','B000NOKC2Y'),
 ('0061020621','0451451686'),
 ('0061059056','B000W5MIGC'),
 ('0061059056','0552145424'),
 ('0061059056','0552145742'),
 ('0061059056','0552154296'),
 ('0061059056','0552760374'),
 ('0061059056','0753107597'),
 ('0061059056','B000083F5O'),
 ('0061059056','B000NOIWEY'),
 ('0061059056','0061050466'),
 ('0061059056','0552154288'),
 ('0061059056','057506403X'),
 ('0061059056','061357222X'),
 ('0061059056','0753105209'),
 ('0061059056','1435274660'),
 ('0060013125','0060013117'),
 ('0060013125','B000W912Q0'),
 ('0060013125','0385602642'),
 ('0060013125','0552148989'),
 ('0060013125','0552148997'),
 ('0060013125','0552150746'),
 ('0060013125','0613673425'),
 ('0060013125','0753115689'),
 ('0060013125','1435274784'),
 ('0060013125','B000NIWHYG'),
 ('0060013125','055215430X'),
 ('0060013125','0753116499'),
 ('0060013125','157453534X'),
 ('0060013125','1843951789'),
 ('B0013L2DXW','0060890312'),
 ('B0013L2DXW','0060890339'),
 ('B0013L2DXW','0061233366'),
 ('B0013L2DXW','0385611498'),
 ('B0013L2DXW','0552553697'),
 ('B0013L2DXW','0552553700'),
 ('B0013L2DXW','1846576555'),
 ('B0013L2DXW','1846576563'),
 ('B0013L2DXW','B000JMKTE6'),
 ('B0013L2DXW','0385609841'),
 ('B0013L2DXW','B000MV8X3S'),
 ('B0013L2DXW','B000NOKC4W'),
 ('B0013L2DXW','0060890320'),
 ('0061059064','0061050474'),
 ('0061059064','B000W5MIH6'),
 ('0061059064','0413774465'),
 ('0061059064','0552146846'),
 ('0061059064','0552154172'),
 ('0061059064','0613572319'),
 ('0061059064','0753105217'),
 ('0061059064','0753108844'),
 ('0061059064','B000NOKC10'),
 ('0061059064','055214598X'),
 ('0061059064','0552154164'),
 ('0061059064','0575065400'),
 ('0061059064','B000084QV6'),
 ('0061031321','0060199563'),
 ('0061031321','B000W916WK'),
 ('0061031321','B000077VAT'),
 ('0061031321','B000NOKC0G'),
 ('0061031321','1574534319'),
 ('0061059072','0061050482'),
 ('0061059072','B000W5MIHG'),
 ('0061059072','0385409893'),
 ('0061059072','0552146145'),
 ('0061059072','0552146501'),
 ('0061059072','0552154199'),
 ('0061059072','0753105225'),
 ('0061059072','B000NIWHYQ'),
 ('0061059072','0552154180'),
 ('0061059072','061327928X'),
 ('0061059072','0753107422'),
 ('0061059072','184395642X'),
 ('0061059072','B000133PZ8'),
 ('0380818191','0380978954'),
 ('0380818191','0413771164'),
 ('0380818191','0552154245'),
 ('0380818191','B000W5MIEO'),
 ('0380818191','0753114690'),
 ('0380818191','B000085CGS'),
 ('0380818191','B000NOKC06'),
 ('0380818191','0753111160'),
 ('0061056901','0061052523'),
 ('0061056901','B000TU16QI'),
 ('0061056901','0413772195'),
 ('0061056901','0552142352'),
 ('0061056901','0552144258'),
 ('0061056901','0575058005'),
 ('0061056901','0575066881'),
 ('0061056901','0613572254'),
 ('0061056901','0753107384'),
 ('0061056901','1856952541'),
 ('0061056901','1856952746'),
 ('0061056901','1856958140'),
 ('0061056901','B0000546VL'),
 ('0061056901','0061053414'),
 ('0060872675','038560937X'),
 ('0060094931','B00065X1IW'),
 ('0060094931','006054855X'),
 ('0060013168','006001315X'),
 ('0060013168','B000W938B2'),
 ('0060013168','0060569964'),
 ('0060013168','0060743735'),
 ('0060013168','0385603401'),
 ('0060013168','0413774457'),
 ('0060013168','0552149403'),
 ('0060013168','0552149411'),
 ('0060013168','0552154318'),
 ('0060013168','0552212806'),
 ('0060013168','0753118092'),
 ('0060013168','0824067096'),
 ('0060013168','1417664592'),
 ('0060013168','1435274792'),
 ('0060013168','9999086233'),
 ('0060013168','B0007OB4YU'),
 ('0060013168','B000NIWHY6'),
 ('0060013168','B000VYXLW4'),
 ('0060541938','0060541911'),
 ('0060541938','B001H86U1C'),
 ('0060541938','0385406703'),
 ('0060541938','0552529680'),
 ('0060541938','055255104X'),
 ('0060541938','0552551139'),
 ('0060541938','0754050246'),
 ('0060541938','0754060004'),
 ('0060541938','1435255178'),
 ('0060541938','1846576660'),
 ('0060541938','B000NJXFSC'),
 ('0060541938','006054192X'),
 ('0061020400','0060196459'),
 ('0061020400','B001GZKKNA'),
 ('0061020400','0061051578'),
 ('0061020400','0385409958'),
 ('0061020400','0413771156'),
 ('0061020400','0552146161'),
 ('0061020400','0552147206'),
 ('0061020400','0552154229'),
 ('0061020400','0552154237'),
 ('0061020400','0613572084'),
 ('0061020400','0708992102'),
 ('0061020400','0753108399'),
 ('0061020400','0753111322'),
 ('0061020400','0783893078'),
 ('0061020400','1435274601'),
 ('0061020400','B00009PH95'),
 ('0061020400','B0000BZ2TZ'),
 ('0061020400','B000NOKBZW'),
 ('0061020400','B000W5MI9E'),
 ('0060815310','0060815221'),
 ('0060815310','0060823453'),
 ('0060815310','0385608675'),
 ('0060815310','0552152676'),
 ('0060815310','0552153621'),
 ('0060815310','055215363X'),
 ('0060815310','0552156639'),
 ('0060815310','1407033751'),
 ('0060815310','1435274814'),
 ('0060815310','1846171636'),
 ('0060815310','B000BEVWFC'),
 ('0060815310','B000F5ZH0I'),
 ('0060815310','B000FCKCXS'),
 ('0060815310','B000NIWHZ0'),
 ('0060541873','0060541857'),
 ('0060541873','B000R4LGIO'),
 ('0060541873','0385403089'),
 ('0060541873','0552139262'),
 ('0060541873','0552551031'),
 ('0060541873','0552551112'),
 ('0060541873','074514957X'),
 ('0060541873','0745173896'),
 ('0060541873','0754060802'),
 ('0060541873','1417796154'),
 ('0060541873','1846576652'),
 ('0060541873','B000J3EGS0'),
 ('0060541873','B000NJXFT6'),
 ('0060541873','0060541865'),
 ('0060541903','B000YGIIPY'),
 ('0552133256','0312764294'),
 ('0552133256','0385404751'),
 ('0552133256','0450049779'),
 ('0552133256','0451121473'),
 ('0552133256','0451451112'),
 ('0552133256','3492285090'),
 ('0552133256','0753115301'),
 ('0552133256','075311545X'),
 ('0552133256','0861402324'),
 ('0552133256','0901072915'),
 ('0441783589','0399202099'),
 ('0441783589','B00005QTH1'),
 ('0441783589','0425091449'),
 ('0441783589','0425099261'),
 ('0441783589','0450025764'),
 ('0441783589','0606161015'),
 ('0441783589','0783801181'),
 ('0441783589','0785787283'),
 ('0441783589','078611231X'),
 ('0441783589','0786195622'),
 ('0441783589','0786199466'),
 ('0441783589','0848810457'),
 ('0441783589','1568492871'),
 ('0441783589','0425071588'),
 ('0441788386','0441790348'),
 ('0441788386','0340837950'),
 ('0441788386','0399135863'),
 ('0441788386','0399502688'),
 ('0441788386','0425022021'),
 ('0441788386','0425030679'),
 ('0441788386','0425037827'),
 ('0441788386','0425043770'),
 ('0441788386','0425045188'),
 ('0441788386','0425046885'),
 ('0441788386','0425052168'),
 ('0441788386','0425058336'),
 ('0441788386','0425064905'),
 ('0441788386','0425071421'),
 ('0441788386','0425080943'),
 ('0441788386','0425101479'),
 ('0441788386','0450004031'),
 ('0441788386','0450547426'),
 ('0441788386','060625126X'),
 ('0441788386','0786109521'),
 ('0441788386','0786122293'),
 ('0441788386','0786188480'),
 ('0441788386','0808520873'),
 ('0441788386','0848805224'),
 ('0441788386','B00005QTH2'),
 ('0441788386','B0006AX5T2'),
 ('0441788386','039910772X'),
 ('0312863551','042503013X'),
 ('0312863551','0234770198'),
 ('0312863551','B000JJRW80'),
 ('0312863551','0340837942'),
 ('0312863551','0399105565'),
 ('0312863551','0425016013'),
 ('0312863551','0425028070'),
 ('0312863551','0425034364'),
 ('0312863551','0425038505'),
 ('0312863551','0425043487'),
 ('0312863551','042504999X'),
 ('0312863551','0425056155'),
 ('0312863551','0425062627'),
 ('0312863551','0425075710'),
 ('0312863551','0425081001'),
 ('0312863551','0425088995'),
 ('0312863551','0425099245'),
 ('0312863551','0425430138'),
 ('0312863551','0441536999'),
 ('0312863551','0450002314'),
 ('0312863551','0450502805'),
 ('0312863551','0575073365'),
 ('0312863551','0575082410'),
 ('0312863551','0613262654'),
 ('0312863551','078611763X'),
 ('0312863551','0786192216'),
 ('0312863551','0786198850'),
 ('0312863551','0312861761'),
 ('0441810764','0399111514'),
 ('0441810764','B000WOYDJI'),
 ('0441810764','0425034712'),
 ('0441810764','0425043738'),
 ('0441810764','0425046842'),
 ('0441810764','042505490X'),
 ('0441810764','0425061264'),
 ('0441810764','0425070506'),
 ('0441810764','0425079902'),
 ('0441810764','0425102246'),
 ('0441810764','0450018571'),
 ('0441810764','0450022439'),
 ('0441810764','0450030245'),
 ('0441810764','0450033163'),
 ('0441810764','0450043924'),
 ('0441810764','0450048594'),
 ('0441810764','0450054373'),
 ('0441810764','B00005WYGV'),
 ('0441810764','0425024938'),
 ('0345316509','0345316495'),
 ('0345316509','0345320603'),
 ('0345316509','0450058409'),
 ('0345316509','5550305828'),
 ('0345316509','0671625225'),
 ('0345316509','0450060772'),
 ('0345330129','0345413997'),
 ('0345330129','0575036982'),
 ('0345330129','0575038500'),
 ('0345330129','0575070544'),
 ('0345330129','B000JJRW7Q'),
 ('0345330129','0839825064'),
 ('0345330129','9994963260'),
 ('0345330129','9997412052'),
 ('0345330129','B0006DWRPW'),
 ('0345330129','0613134672'),
 ('1416505490','B000W3U9HE'),
 ('1416505490','061313639X'),
 ('1416505490','0613949072'),
 ('1416505490','0684148579'),
 ('1416505490','1933322160'),
 ('1416505490','0345260716'),
 ('1416505490','0345324412'),
 ('1416505490','034546107X'),
 ('1416505490','0450007294'),
 ('1416505490','0575005173'),
 ('1416505490','0606004793'),
 ('1416505490','156849288X'),
 ('1416505490','1602520607'),
 ('1416505490','1932076395'),
 ('1416505490','1932076409'),
 ('1416505490','1932076417'),
 ('1416505490','193418053X'),
 ('1416505490','B0001BJEG4'),
 ('1416505490','B0006AVKEE'),
 ('1416505490','034530103X'),
 ('0575075414','0575071788'),
 ('0575075414','0575071796'),
 ('0451462254','0451461703'),
 ('0451462254','1400106753'),
 ('0451462254','B001AO0I52'),
 ('0451462254','1400156750'),
 ('0451462254','B0018O22XA'),
 ('0451462254','140013675X'),
 ('0451460413','0451459792'),
 ('0451460413','1400106761'),
 ('0451460413','B001AZT9GK'),
 ('0451460413','1400156769'),
 ('0451460413','1435293649'),
 ('0451460413','1400136768'),
 ('0451460774','0451460464'),
 ('0451460774','140010677X'),
 ('0451460774','B001D1ILJW'),
 ('0451460774','1400156777'),
 ('0451460774','B000F5ZH1M'),
 ('0451460774','B000OVLIP6'),
 ('0451460774','1400136776'),
 ('0451461665','0451461118'),
 ('0451461665','1400106788'),
 ('0451461665','1400136784'),
 ('0451461665','B001G0KBPC'),
 ('0451461665','1439560722'),
 ('0451461665','B000R7O2QY'),
 ('0451461665','B000UZJR7W'),
 ('0451461665','1400156785'),
 ('1416555862','1416521291'),
 ('1416555862','B001GXT5T2'),
 ('1416555714','1416521038'),
 ('1416555218','1416591656'),
 ('1416521054','064181853X'),
 ('1416521054','0743498801'),
 ('1416521054','B000MKYKFY'),
 ('0812568834','0312890621'),
 ('0812568834','B000776JG0'),
 ('0765345579','0765306387'),
 ('0765345579','B0009WLSQY'),
 ('0812550234','0312857640'),
 ('0812550234','0786118687'),
 ('0812550234','B000776JHO'),
 ('0812551028','0312860439'),
 ('0812551028','B0001MC046'),
 ('0446579823','0446541206'),
 ('0446579823','B001FAZGEE'),
 ('0446579823','B001ANUQYG'),
 ('0446579823','1600243746'),
 ('1573223328','140500035X'),
 ('1573223328','1565117107'),
 ('1573223328','1565117115'),
 ('1573223328','B000OCXG4Q'),
 ('1573223328','B00008MNVG'),
 ('1573223328','B0000DE6TU'),
 ('1573223328','1573222259'),
 ('0765355558','0765316439'),
 ('0553293354','0246118318'),
 ('0553293354','0345308999'),
 ('0553293354','034531798X'),
 ('0553293354','0345336275'),
 ('0553293354','B000K0YN0I'),
 ('0553293354','0553803719'),
 ('0553293354','0808520784'),
 ('0553293354','0893402095'),
 ('0553293354','B000FC1PWA'),
 ('0553293354','0553451146'),
 ('0553293354','0345334787'),
 ('0553293354','5553673224'),
 ('0553293354','5557076654'),
 ('0553587579','0246130474'),
 ('0553587579','B0006DF43Y'),
 ('0553587579','0385233124'),
 ('0553587579','0586071105'),
 ('0553587579','1439507228'),
 ('0553587579','5551711110'),
 ('0553587579','5557107002'),
 ('0553587579','0345339967'),
 ('0553587579','0345351428'),
 ('0553587579','038523709X'),
 ('0553587579','B00010AC5W'),
 ('0553293370','0345317998'),
 ('0553293370','0380007746'),
 ('0553293370','0553382586'),
 ('0553293370','0553452614'),
 ('0553293370','0553803727'),
 ('0553293370','0586013555'),
 ('0553293370','0586135553'),
 ('0553293370','0606018441'),
 ('0553293370','0808520792'),
 ('0553293370','0893402109'),
 ('0553293370','1439507201'),
 ('0553293370','5553679753'),
 ('0553293370','5557022708'),
 ('0553293370','B0007ECFV6'),
 ('0553293370','B0007HK7E0'),
 ('0553293370','B000FC1PWK'),
 ('0553293370','0345309006'),
 ('0553293370','0246118326'),
 ('0553293370','0345336283'),
 ('0553293370','0380426897'),
 ('0553293370','0385050453'),
 ('0553293370','0606192743'),
 ('0553293362','0345318005'),
 ('0553293362','0246118334'),
 ('0553293362','0345335503'),
 ('0553293362','0345336291'),
 ('0553293362','0380008238'),
 ('0553293362','0380231840'),
 ('0553293362','0380292807'),
 ('0553293362','0385050445'),
 ('0553293362','0553470159'),
 ('0553293362','0553803735'),
 ('0553293362','0586017135'),
 ('0553293362','0606275800'),
 ('0553293362','5557024387'),
 ('0553293362','9993068802'),
 ('0553293362','B000FC1PWU'),
 ('0553293362','B000O72S5E'),
 ('0553293362','0345309014'),
 ('0553293362','0385423020'),
 ('0553293362','0553382594'),
 ('0553293362','0785773444'),
 ('0553293362','0893402117'),
 ('0553293362','1439504555'),
 ('0553293362','5553680166'),
 ('0553278398','5557108823'),
 ('0553278398','0385245858'),
 ('0553278398','0563366168'),
 ('0553278398','0586071113'),
 ('0553278398','0606275746'),
 ('0553278398','083353307X'),
 ('0553278398','5552677145'),
 ('0553278398','0385233132'),
 ('0553278398','0246130482'),
 ('0553278398','0553451626'),
 ('0553278398','1439507171'),
 ('0061629243','0007263384'),
 ('1594480036','0330415263'),
 ('1594480036','0330427342'),
 ('1594480036','1405006005'),
 ('1594480036','1565117980'),
 ('1594480036','B000OCXG5A'),
 ('1594480036','1573222518'),
 ('1594480036','B0000DE6TV'),
 ('1594480036','1565117999'),
 ('0765320460','B001IKK8HG'),
 ('0375848118','0375948112'),
 ('0375848118','B001FA0L0S'),
 ('0786948574',''),
 ('0060530928','0060530936'),
 ('0060530928','B0011UJM48'),
 ('0060530928','1596062045'),
 ('0060530928','0061709123'),
 ('0060530928','B001H44FP4'),
 ('0441015948','0441017312'),
 ('0441015948','B0013A1IYI'),
 ('0441015948','0748109153'),
 ('0060558121','0380973650'),
 ('0060558121','0060010606'),
 ('0060558121','0060010622'),
 ('0060558121','0060093641'),
 ('0060558121','0060836253'),
 ('0060558121','0380789035'),
 ('0060558121','0606304940'),
 ('0060558121','0613913388'),
 ('0060558121','0694525499'),
 ('0060558121','2846260338'),
 ('0060558121','B0000YSH2O'),
 ('0060558121','B000FC10MU'),
 ('0060558121','B000HT2P9S'),
 ('0060558121','0060010614'),
 ('1563890119','0446393630'),
 ('1563890119','1417651636'),
 ('1563890119','1563892278'),
 ('1563890119','1435237749'),
 ('0060557818','0060010800'),
 ('0060557818','B000XSAXXS'),
 ('0060557818','0061373877'),
 ('0060557818','0140266518'),
 ('0060557818','0380789019'),
 ('0060557818','0380973634'),
 ('0060557818','0563381701'),
 ('0060557818','0747266689'),
 ('0060557818','0755322800'),
 ('0060557818','1565112318'),
 ('0060557818','159887036X'),
 ('0060557818','0563383267'),
 ('0060557818','0563387467'),
 ('0060557818','0606216251'),
 ('0060557818','0613163931'),
 ('0060557818','B000FC130E'),
 ('0930289595','1563892251'),
 ('0930289595','1417652233');
/*!40000 ALTER TABLE `alt_vers` ENABLE KEYS */;


--
-- Definition of table `authors`
--

DROP TABLE IF EXISTS `authors`;
CREATE TABLE `authors` (
  `isbn` varchar(10) default NULL,
  `author` varchar(255) default NULL,
  KEY `isbn` (`isbn`),
  CONSTRAINT `authors_ibfk_1` FOREIGN KEY (`isbn`) REFERENCES `book` (`isbn`)
) ENGINE=InnoDB DEFAULT CHARSET=latin1;

--
-- Dumping data for table `authors`
--

/*!40000 ALTER TABLE `authors` DISABLE KEYS */;
INSERT INTO `authors` (`isbn`,`author`) VALUES 
 ('1416555870','John Ringo'),
 ('1416555870','Travis S Taylor'),
 ('0061433012','Terry Pratchett'),
 ('0061474096','Neal Stephenson'),
 ('0316143472','David Sedaris'),
 ('0345496884','Naomi Novik'),
 ('0345501748','Michael Chabon'),
 ('0345507460','Jim Butcher'),
 ('0345507460','Ardian Syaf'),
 ('0380798379','Tim Powers'),
 ('0425222330','Michael Walters'),
 ('0441013651','Charles Stross'),
 ('0441016197','Jack Campbell'),
 ('0441016383','Jim Butcher'),
 ('0451462289','S.M. Stirling'),
 ('0451462564','Jim Butcher'),
 ('0553345923','John Crowley'),
 ('0765304961','Orson Scott Card'),
 ('0765315459','Karl Schroeder'),
 ('0765318679','David Bilsborough'),
 ('0765319209','Tobias S. Buckell'),
 ('0765320428','Stephen Hunt'),
 ('0765358549','Martin Millar'),
 ('0809572354','Michael Cisco'),
 ('1416555919','John Ringo'),
 ('1416555919','Julie Cochrane'),
 ('1555839878','Douglas Clegg'),
 ('1590200152','John Crowley'),
 ('159102594X','Joe Abercrombie'),
 ('1591026415','Joe Abercrombie'),
 ('1591026903','Joe Abercrombie'),
 ('1595540857','Stephen R. Lawhead'),
 ('159554089X','Stephen R. Lawhead'),
 ('1930846452','Charles Stross'),
 ('1595540873','Stephen R. Lawhead'),
 ('0061161659','Terry Pratchett'),
 ('0060853972','Neil Gaiman'),
 ('0060853972','Terry Pratchett'),
 ('0061020710','Terry Pratchett'),
 ('0061020664','Terry Pratchett'),
 ('0060012358','Terry Pratchett'),
 ('0061020648','Terry Pratchett'),
 ('0060012382','Terry Pratchett'),
 ('0061020702','Terry Pratchett'),
 ('0061020680','Terry Pratchett'),
 ('0060586621','Terry Pratchett'),
 ('0061020656','Terry Pratchett'),
 ('0061020699','Terry Pratchett'),
 ('006105691X','Terry Pratchett'),
 ('0380821214','Terry Pratchett'),
 ('0061020672','Terry Pratchett'),
 ('0061054895','Terry Pratchett'),
 ('0061020397','Terry Pratchett'),
 ('0060502932','Terry Pratchett'),
 ('0061092193','Terry Pratchett'),
 ('0061020613','Terry Pratchett'),
 ('006102063X','Terry Pratchett'),
 ('0061092177','Terry Pratchett'),
 ('0060507772','Terry Pratchett'),
 ('0060507772','Paul Kidby'),
 ('0061056928','Terry Pratchett'),
 ('0061057649','Terry Pratchett'),
 ('0061020621','Terry Pratchett'),
 ('0061059056','Terry Pratchett'),
 ('0060013125','Terry Pratchett'),
 ('B0013L2DXW','Terry Pratchett'),
 ('0061059064','Terry Pratchett'),
 ('0061031321','Terry Pratchett'),
 ('0061059072','Terry Pratchett'),
 ('0380818191','Terry Pratchett'),
 ('0061056901','Terry Pratchett'),
 ('0060872675','Terry Pratchett'),
 ('0060094931','Terry Pratchett'),
 ('0060013168','Terry Pratchett'),
 ('0060541938','Terry Pratchett'),
 ('0061020400','Terry Pratchett'),
 ('0060815310','Terry Pratchett'),
 ('0060541873','Terry Pratchett'),
 ('0060541903','Terry Pratchett'),
 ('0552133256','Terry Pratchett'),
 ('0441783589','Robert A. Heinlein'),
 ('0441788386','Robert A. Heinlein'),
 ('0312863551','Robert A. Heinlein'),
 ('0441810764','Robert A. Heinlein'),
 ('0345316509','Robert A. Heinlein'),
 ('0345330129','Robert A. Heinlein'),
 ('1416505490','Robert A. Heinlein'),
 ('0575075414','Adam Roberts'),
 ('0451462254','S.M. Stirling'),
 ('0451460413','S.M. Stirling'),
 ('0451460774','S.M. Stirling'),
 ('0451461665','S.M. Stirling'),
 ('1416555862','John Ringo'),
 ('1416555862','Travis S Taylor'),
 ('1416555714','John Ringo'),
 ('1416555714','Tom Kratman'),
 ('1416555218','John Ringo'),
 ('1416555218','Travis Taylor'),
 ('1416521054','John Ringo'),
 ('0812568834','Catherine Asaro'),
 ('0765345579','Catherine Asaro'),
 ('0812550234','Catherine Asaro'),
 ('0812551028','Catherine Asaro'),
 ('0446579823','Christopher Buckley'),
 ('1573223328','Lian Hearn'),
 ('0765355558','Sandra McDonald'),
 ('0553293354','Isaac Asimov'),
 ('0553587579','Isaac Asimov'),
 ('0553293370','Isaac Asimov'),
 ('0553293362','Isaac Asimov'),
 ('0553278398','Isaac Asimov'),
 ('0061629243','Graham Tattersall'),
 ('1594480036','Lian Hearn'),
 ('0765320460','Brian Francis Slattery'),
 ('0375848118','Margo Lanagan'),
 ('0786948574','J.M. Mcdermott'),
 ('0060530928','Neil Gaiman'),
 ('0441015948','Charles Stross'),
 ('0060558121','Neil Gaiman'),
 ('1563890119','Neil Gaiman'),
 ('0060557818','Neil Gaiman'),
 ('0930289595','Neil Gaiman'),
 ('0930289595','Malcolm Jones III'),
 ('0930289595','Mike Dringenberg'),
 ('0930289595','Michael Zulli'),
 ('0930289595','Clive Barker');
/*!40000 ALTER TABLE `authors` ENABLE KEYS */;


--
-- Definition of table `book`
--

DROP TABLE IF EXISTS `book`;
CREATE TABLE `book` (
  `isbn` varchar(10) NOT NULL,
  `title` text,
  `amaz_rating` decimal(4,3) unsigned default NULL,
  `pub_date` varchar(10) default NULL,
  `pages` int(10) unsigned default NULL,
  `small_url` text,
  `medium_url` text,
  `large_url` text,
  PRIMARY KEY  (`isbn`)
) ENGINE=InnoDB DEFAULT CHARSET=latin1;

--
-- Dumping data for table `book`
--

/*!40000 ALTER TABLE `book` DISABLE KEYS */;
INSERT INTO `book` (`isbn`,`title`,`amaz_rating`,`pub_date`,`pages`,`small_url`,`medium_url`,`large_url`) VALUES 
 ('0060012358','The Amazing Maurice and His Educated Rodents','4.500','2003-05-01',368,'http://ecx.images-amazon.com/images/I/51gWiIhyorL._SL75_.jpg','http://ecx.images-amazon.com/images/I/51gWiIhyorL._SL160_.jpg','http://ecx.images-amazon.com/images/I/51gWiIhyorL._SL500_.jpg'),
 ('0060012382','The Wee Free Men (Discworld)','4.500','2004-06-01',400,'http://ecx.images-amazon.com/images/I/51WB3FK96YL._SL75_.jpg','http://ecx.images-amazon.com/images/I/51WB3FK96YL._SL160_.jpg','http://ecx.images-amazon.com/images/I/51WB3FK96YL._SL500_.jpg'),
 ('0060013125','Night Watch','4.500','2003-10-01',432,'http://ecx.images-amazon.com/images/I/41WQ525SM1L._SL75_.jpg','http://ecx.images-amazon.com/images/I/41WQ525SM1L._SL160_.jpg','http://ecx.images-amazon.com/images/I/41WQ525SM1L._SL500_.jpg'),
 ('0060013168','Monstrous Regiment','4.000','2004-09-01',416,'http://ecx.images-amazon.com/images/I/51nIAclKEOL._SL75_.jpg','http://ecx.images-amazon.com/images/I/51nIAclKEOL._SL160_.jpg','http://ecx.images-amazon.com/images/I/51nIAclKEOL._SL500_.jpg'),
 ('0060094931','The Bromeliad Trilogy: Truckers, Diggers, and Wings (The Bromeliad Trilogy)','4.500','2003-10-01',512,'http://ecx.images-amazon.com/images/I/5126Xu2yGyL._SL75_.jpg','http://ecx.images-amazon.com/images/I/5126Xu2yGyL._SL160_.jpg','http://ecx.images-amazon.com/images/I/5126Xu2yGyL._SL500_.jpg'),
 ('0060502932','Going Postal','4.500','2005-10-01',416,'http://ecx.images-amazon.com/images/I/51JZRVC3DML._SL75_.jpg','http://ecx.images-amazon.com/images/I/51JZRVC3DML._SL160_.jpg','http://ecx.images-amazon.com/images/I/51JZRVC3DML._SL500_.jpg'),
 ('0060507772','The Last Hero: A Discworld Fable','4.500','2002-09-01',176,'http://ecx.images-amazon.com/images/I/51T5445811L._SL75_.jpg','http://ecx.images-amazon.com/images/I/51T5445811L._SL160_.jpg','http://ecx.images-amazon.com/images/I/51T5445811L._SL500_.jpg'),
 ('0060530928','The Graveyard Book','5.000','2008-10-01',320,'http://ecx.images-amazon.com/images/I/51pDQMcDGcL._SL75_.jpg','http://ecx.images-amazon.com/images/I/51pDQMcDGcL._SL160_.jpg','http://ecx.images-amazon.com/images/I/51pDQMcDGcL._SL500_.jpg'),
 ('0060541873','Only You Can Save Mankind (The Johnny Maxwell Trilogy)','4.500','2006-08-01',224,'http://ecx.images-amazon.com/images/I/51MXEkoRddL._SL75_.jpg','http://ecx.images-amazon.com/images/I/51MXEkoRddL._SL160_.jpg','http://ecx.images-amazon.com/images/I/51MXEkoRddL._SL500_.jpg'),
 ('0060541903','Johnny and the Dead (The Johnny Maxwell Trilogy)','4.500','2007-04-01',224,'http://ecx.images-amazon.com/images/I/510XX1K108L._SL75_.jpg','http://ecx.images-amazon.com/images/I/510XX1K108L._SL160_.jpg','http://ecx.images-amazon.com/images/I/510XX1K108L._SL500_.jpg'),
 ('0060541938','Johnny and the Bomb (The Johnny Maxwell Trilogy)','4.500','2008-04-01',256,'http://ecx.images-amazon.com/images/I/51TcvQNO3KL._SL75_.jpg','http://ecx.images-amazon.com/images/I/51TcvQNO3KL._SL160_.jpg','http://ecx.images-amazon.com/images/I/51TcvQNO3KL._SL500_.jpg'),
 ('0060557818','Neverwhere: A Novel','4.500','2003-09-01',400,'http://ecx.images-amazon.com/images/I/41EJ07XP7SL._SL75_.jpg','http://ecx.images-amazon.com/images/I/41EJ07XP7SL._SL160_.jpg','http://ecx.images-amazon.com/images/I/41EJ07XP7SL._SL500_.jpg'),
 ('0060558121','American Gods: A Novel','4.000','2003-09-01',624,'http://ecx.images-amazon.com/images/I/417QGN93XKL._SL75_.jpg','http://ecx.images-amazon.com/images/I/417QGN93XKL._SL160_.jpg','http://ecx.images-amazon.com/images/I/417QGN93XKL._SL500_.jpg'),
 ('0060586621','A Hat Full of Sky: The Continuing Adventures of Tiffany Aching and the Wee Free Men','4.500','2005-06-01',448,'http://ecx.images-amazon.com/images/I/51RHG66YBYL._SL75_.jpg','http://ecx.images-amazon.com/images/I/51RHG66YBYL._SL160_.jpg','http://ecx.images-amazon.com/images/I/51RHG66YBYL._SL500_.jpg'),
 ('0060815310','Thud!','4.500','2006-09-01',416,'http://ecx.images-amazon.com/images/I/51WHNMNKGTL._SL75_.jpg','http://ecx.images-amazon.com/images/I/51WHNMNKGTL._SL160_.jpg','http://ecx.images-amazon.com/images/I/51WHNMNKGTL._SL500_.jpg'),
 ('0060853972','Good Omens: The Nice and Accurate Prophecies of Agnes Nutter, Witch (Discworld)','4.500','2007-08-01',400,'http://ecx.images-amazon.com/images/I/513kMW0lJZL._SL75_.jpg','http://ecx.images-amazon.com/images/I/513kMW0lJZL._SL160_.jpg','http://ecx.images-amazon.com/images/I/513kMW0lJZL._SL500_.jpg'),
 ('0060872675','Where\'s My Cow?','4.000','2005-10-01',32,'http://ecx.images-amazon.com/images/I/51TRKQS30DL._SL75_.jpg','http://ecx.images-amazon.com/images/I/51TRKQS30DL._SL160_.jpg','http://ecx.images-amazon.com/images/I/51TRKQS30DL._SL500_.jpg'),
 ('0061020397','Carpe Jugulum','4.500','2000-08-01',378,'http://ecx.images-amazon.com/images/I/51nsOrJLT8L._SL75_.jpg','http://ecx.images-amazon.com/images/I/51nsOrJLT8L._SL160_.jpg','http://ecx.images-amazon.com/images/I/51nsOrJLT8L._SL500_.jpg'),
 ('0061020400','The Fifth Elephant','4.500','2001-04-01',400,'http://ecx.images-amazon.com/images/I/51Gf5p2XI0L._SL75_.jpg','http://ecx.images-amazon.com/images/I/51Gf5p2XI0L._SL160_.jpg','http://ecx.images-amazon.com/images/I/51Gf5p2XI0L._SL500_.jpg'),
 ('0061020613','Witches Abroad','4.500','2002-08-01',384,'http://ecx.images-amazon.com/images/I/51ekcDnBtsL._SL75_.jpg','http://ecx.images-amazon.com/images/I/51ekcDnBtsL._SL160_.jpg','http://ecx.images-amazon.com/images/I/51ekcDnBtsL._SL500_.jpg'),
 ('0061020621','Reaper Man','4.500','2002-08-01',384,'http://ecx.images-amazon.com/images/I/51ASf4K0efL._SL75_.jpg','http://ecx.images-amazon.com/images/I/51ASf4K0efL._SL160_.jpg','http://ecx.images-amazon.com/images/I/51ASf4K0efL._SL500_.jpg'),
 ('006102063X','Moving Pictures','4.000','2002-02-01',368,'http://ecx.images-amazon.com/images/I/51OTwF2KTpL._SL75_.jpg','http://ecx.images-amazon.com/images/I/51OTwF2KTpL._SL160_.jpg','http://ecx.images-amazon.com/images/I/51OTwF2KTpL._SL500_.jpg'),
 ('0061020648','Guards! Guards!','4.500','2001-08-01',384,'http://ecx.images-amazon.com/images/I/51HHZ2YYRJL._SL75_.jpg','http://ecx.images-amazon.com/images/I/51HHZ2YYRJL._SL160_.jpg','http://ecx.images-amazon.com/images/I/51HHZ2YYRJL._SL500_.jpg'),
 ('0061020656','Pyramids','4.500','2001-08-01',352,'http://ecx.images-amazon.com/images/I/51MxE-T5x8L._SL75_.jpg','http://ecx.images-amazon.com/images/I/51MxE-T5x8L._SL160_.jpg','http://ecx.images-amazon.com/images/I/51MxE-T5x8L._SL500_.jpg'),
 ('0061020664','Wyrd Sisters','4.500','2001-02-01',288,'http://ecx.images-amazon.com/images/I/516ZSBZBJXL._SL75_.jpg','http://ecx.images-amazon.com/images/I/516ZSBZBJXL._SL160_.jpg','http://ecx.images-amazon.com/images/I/516ZSBZBJXL._SL500_.jpg'),
 ('0061020672','Sourcery','4.000','2001-02-01',288,'http://ecx.images-amazon.com/images/I/41W5wze6y0L._SL75_.jpg','http://ecx.images-amazon.com/images/I/41W5wze6y0L._SL160_.jpg','http://ecx.images-amazon.com/images/I/41W5wze6y0L._SL500_.jpg'),
 ('0061020680','Mort','4.500','2001-02-01',243,'http://ecx.images-amazon.com/images/I/41BBMTG9ESL._SL75_.jpg','http://ecx.images-amazon.com/images/I/41BBMTG9ESL._SL160_.jpg','http://ecx.images-amazon.com/images/I/41BBMTG9ESL._SL500_.jpg'),
 ('0061020699','Equal Rites','4.000','2000-03-01',213,'http://ecx.images-amazon.com/images/I/51OaCRiof7L._SL75_.jpg','http://ecx.images-amazon.com/images/I/51OaCRiof7L._SL160_.jpg','http://ecx.images-amazon.com/images/I/51OaCRiof7L._SL500_.jpg'),
 ('0061020702','The Light Fantastic','4.500','2000-03-01',241,'http://ecx.images-amazon.com/images/I/510QJ579O1L._SL75_.jpg','http://ecx.images-amazon.com/images/I/510QJ579O1L._SL160_.jpg','http://ecx.images-amazon.com/images/I/510QJ579O1L._SL500_.jpg'),
 ('0061020710','The Color of Magic','4.000','2000-03-01',210,'http://ecx.images-amazon.com/images/I/51DiYfZTEfL._SL75_.jpg','http://ecx.images-amazon.com/images/I/51DiYfZTEfL._SL160_.jpg','http://ecx.images-amazon.com/images/I/51DiYfZTEfL._SL500_.jpg'),
 ('0061031321','Thief of Time','4.500','2002-04',384,'http://ecx.images-amazon.com/images/I/51RV%2BzHGopL._SL75_.jpg','http://ecx.images-amazon.com/images/I/51RV%2BzHGopL._SL160_.jpg','http://ecx.images-amazon.com/images/I/51RV%2BzHGopL._SL500_.jpg'),
 ('0061054895','Soul Music','4.500','1995-10-01',384,'http://ecx.images-amazon.com/images/I/51DU-ACX0mL._SL75_.jpg','http://ecx.images-amazon.com/images/I/51DU-ACX0mL._SL160_.jpg','http://ecx.images-amazon.com/images/I/51DU-ACX0mL._SL500_.jpg'),
 ('0061056901','Interesting Times','4.500','1998-04-01',400,'http://ecx.images-amazon.com/images/I/51uqakK6SCL._SL75_.jpg','http://ecx.images-amazon.com/images/I/51uqakK6SCL._SL160_.jpg','http://ecx.images-amazon.com/images/I/51uqakK6SCL._SL500_.jpg'),
 ('006105691X','Maskerade','4.000','1998-11-01',368,'http://ecx.images-amazon.com/images/I/418WJ4CJTDL._SL75_.jpg','http://ecx.images-amazon.com/images/I/418WJ4CJTDL._SL160_.jpg','http://ecx.images-amazon.com/images/I/418WJ4CJTDL._SL500_.jpg'),
 ('0061056928','Lords and Ladies','4.500','1996-10-01',400,'http://ecx.images-amazon.com/images/I/51iBdZC%2BnjL._SL75_.jpg','http://ecx.images-amazon.com/images/I/51iBdZC%2BnjL._SL160_.jpg','http://ecx.images-amazon.com/images/I/51iBdZC%2BnjL._SL500_.jpg'),
 ('0061057649','Feet of Clay','4.500','1997-10-01',368,'http://ecx.images-amazon.com/images/I/51mT3XmV0EL._SL75_.jpg','http://ecx.images-amazon.com/images/I/51mT3XmV0EL._SL160_.jpg','http://ecx.images-amazon.com/images/I/51mT3XmV0EL._SL500_.jpg'),
 ('0061059056','Hogfather','4.500','1999-09-01',384,'http://ecx.images-amazon.com/images/I/51c8sagmoFL._SL75_.jpg','http://ecx.images-amazon.com/images/I/51c8sagmoFL._SL160_.jpg','http://ecx.images-amazon.com/images/I/51c8sagmoFL._SL500_.jpg'),
 ('0061059064','Jingo','4.500','1999-03-01',448,'http://ecx.images-amazon.com/images/I/51Jj5thX5EL._SL75_.jpg','http://ecx.images-amazon.com/images/I/51Jj5thX5EL._SL160_.jpg','http://ecx.images-amazon.com/images/I/51Jj5thX5EL._SL500_.jpg'),
 ('0061059072','The Last Continent','4.000','2000-02-01',416,'http://ecx.images-amazon.com/images/I/51GAsw%2BJBLL._SL75_.jpg','http://ecx.images-amazon.com/images/I/51GAsw%2BJBLL._SL160_.jpg','http://ecx.images-amazon.com/images/I/51GAsw%2BJBLL._SL500_.jpg'),
 ('0061092177','Small Gods','4.500','1994-11-01',384,'http://ecx.images-amazon.com/images/I/51H%2BLwb6cXL._SL75_.jpg','http://ecx.images-amazon.com/images/I/51H%2BLwb6cXL._SL160_.jpg','http://ecx.images-amazon.com/images/I/51H%2BLwb6cXL._SL500_.jpg'),
 ('0061092193','Men at Arms','4.500','1997-04-01',400,'http://ecx.images-amazon.com/images/I/51FddtLvMAL._SL75_.jpg','http://ecx.images-amazon.com/images/I/51FddtLvMAL._SL160_.jpg','http://ecx.images-amazon.com/images/I/51FddtLvMAL._SL500_.jpg'),
 ('0061161659','Making Money (Discworld Novels)','4.000','2008-10-01',432,'http://ecx.images-amazon.com/images/I/51P3HmQhLML._SL75_.jpg','http://ecx.images-amazon.com/images/I/51P3HmQhLML._SL160_.jpg','http://ecx.images-amazon.com/images/I/51P3HmQhLML._SL500_.jpg'),
 ('0061433012','Nation','4.500','2008-10-01',384,'http://ecx.images-amazon.com/images/I/51saresqz4L._SL75_.jpg','http://ecx.images-amazon.com/images/I/51saresqz4L._SL160_.jpg','http://ecx.images-amazon.com/images/I/51saresqz4L._SL500_.jpg'),
 ('0061474096','Anathem','4.500','2008-09-01',960,'http://ecx.images-amazon.com/images/I/51PpF7ZgT5L._SL75_.jpg','http://ecx.images-amazon.com/images/I/51PpF7ZgT5L._SL160_.jpg','http://ecx.images-amazon.com/images/I/51PpF7ZgT5L._SL500_.jpg'),
 ('0061629243','Geekspeak: How Life + Mathematics = Happiness','3.500','2008-10-01',256,'http://ecx.images-amazon.com/images/I/51cryUQUhAL._SL75_.jpg','http://ecx.images-amazon.com/images/I/51cryUQUhAL._SL160_.jpg','http://ecx.images-amazon.com/images/I/51cryUQUhAL._SL500_.jpg'),
 ('0312863551','The Moon Is a Harsh Mistress','4.500','1997-06-15',384,'http://ecx.images-amazon.com/images/I/41S1DHKJPZL._SL75_.jpg','http://ecx.images-amazon.com/images/I/41S1DHKJPZL._SL160_.jpg','http://ecx.images-amazon.com/images/I/41S1DHKJPZL._SL500_.jpg'),
 ('0316143472','When You Are Engulfed in Flames','4.000','2008-06-03',336,'http://ecx.images-amazon.com/images/I/51rI%2BNF4VwL._SL75_.jpg','http://ecx.images-amazon.com/images/I/51rI%2BNF4VwL._SL160_.jpg','http://ecx.images-amazon.com/images/I/51rI%2BNF4VwL._SL500_.jpg'),
 ('0345316509','Job: A Comedy of Justice','4.500','1985-10-12',448,'http://ecx.images-amazon.com/images/I/5105XEWFCFL._SL75_.jpg','http://ecx.images-amazon.com/images/I/5105XEWFCFL._SL160_.jpg','http://ecx.images-amazon.com/images/I/5105XEWFCFL._SL500_.jpg'),
 ('0345330129','The Door into Summer','4.500','1986-10-12',304,'http://ecx.images-amazon.com/images/I/510AZ8V0MSL._SL75_.jpg','http://ecx.images-amazon.com/images/I/510AZ8V0MSL._SL160_.jpg','http://ecx.images-amazon.com/images/I/510AZ8V0MSL._SL500_.jpg'),
 ('0345496884','Victory of Eagles (Temeraire, Book 5)','4.000','2008-07-08',342,'http://ecx.images-amazon.com/images/I/51YcHRfZmiL._SL75_.jpg','http://ecx.images-amazon.com/images/I/51YcHRfZmiL._SL160_.jpg','http://ecx.images-amazon.com/images/I/51YcHRfZmiL._SL500_.jpg'),
 ('0345501748','Gentlemen of the Road: A Tale of Adventure','4.000','2007-10-30',224,'http://ecx.images-amazon.com/images/I/51koJqkIVzL._SL75_.jpg','http://ecx.images-amazon.com/images/I/51koJqkIVzL._SL160_.jpg','http://ecx.images-amazon.com/images/I/51koJqkIVzL._SL500_.jpg'),
 ('0345507460','The Dresden Files: Welcome to the Jungle',NULL,'2008-10-14',160,'http://ecx.images-amazon.com/images/I/51BF5JHd4HL._SL75_.jpg','http://ecx.images-amazon.com/images/I/51BF5JHd4HL._SL160_.jpg','http://ecx.images-amazon.com/images/I/51BF5JHd4HL._SL500_.jpg'),
 ('0375848118','Tender Morsels','4.500','2008-10-14',448,'http://ecx.images-amazon.com/images/I/51xtO8IThCL._SL75_.jpg','http://ecx.images-amazon.com/images/I/51xtO8IThCL._SL160_.jpg','http://ecx.images-amazon.com/images/I/51xtO8IThCL._SL500_.jpg'),
 ('0380798379','Three Days to Never','3.500','2007-12-01',416,'http://ecx.images-amazon.com/images/I/51s63Gv8gCL._SL75_.jpg','http://ecx.images-amazon.com/images/I/51s63Gv8gCL._SL160_.jpg','http://ecx.images-amazon.com/images/I/51s63Gv8gCL._SL500_.jpg'),
 ('0380818191','The Truth','4.500','2001-09-01',368,'http://ecx.images-amazon.com/images/I/51eb6v8p4LL._SL75_.jpg','http://ecx.images-amazon.com/images/I/51eb6v8p4LL._SL160_.jpg','http://ecx.images-amazon.com/images/I/51eb6v8p4LL._SL500_.jpg'),
 ('0380821214','Eric','3.500','2002-02-01',224,'http://ecx.images-amazon.com/images/I/51T-uSWrgoL._SL75_.jpg','http://ecx.images-amazon.com/images/I/51T-uSWrgoL._SL160_.jpg','http://ecx.images-amazon.com/images/I/51T-uSWrgoL._SL500_.jpg'),
 ('0425222330','The Shadow Walker','4.500','2008-08-05',352,'http://ecx.images-amazon.com/images/I/41y-1Kk5SDL._SL75_.jpg','http://ecx.images-amazon.com/images/I/41y-1Kk5SDL._SL160_.jpg','http://ecx.images-amazon.com/images/I/41y-1Kk5SDL._SL500_.jpg'),
 ('0441013651','The Atrocity Archives','4.500','2006-01-03',368,'http://ecx.images-amazon.com/images/I/51JMJ2RAXML._SL75_.jpg','http://ecx.images-amazon.com/images/I/51JMJ2RAXML._SL160_.jpg','http://ecx.images-amazon.com/images/I/51JMJ2RAXML._SL500_.jpg'),
 ('0441015948','Saturn\'s Children','3.500','2008-07-01',336,'http://ecx.images-amazon.com/images/I/51SdYoZS7KL._SL75_.jpg','http://ecx.images-amazon.com/images/I/51SdYoZS7KL._SL160_.jpg','http://ecx.images-amazon.com/images/I/51SdYoZS7KL._SL500_.jpg'),
 ('0441016197','Valiant (The Lost Fleet, Book 4 of 6)','4.000','2008-06-24',304,'http://ecx.images-amazon.com/images/I/51U1p2Amu5L._SL75_.jpg','http://ecx.images-amazon.com/images/I/51U1p2Amu5L._SL160_.jpg','http://ecx.images-amazon.com/images/I/51U1p2Amu5L._SL500_.jpg'),
 ('0441016383','Princeps\' Fury (Codex Alera, Book 5)',NULL,'2008-11-25',384,NULL,NULL,NULL),
 ('0441783589','Starship Troopers','4.500','1987-05-15',272,'http://ecx.images-amazon.com/images/I/51SpfZgt-DL._SL75_.jpg','http://ecx.images-amazon.com/images/I/51SpfZgt-DL._SL160_.jpg','http://ecx.images-amazon.com/images/I/51SpfZgt-DL._SL500_.jpg'),
 ('0441788386','Stranger in a Strange Land','4.000','1991-10-01',528,'http://ecx.images-amazon.com/images/I/517JGARWSKL._SL75_.jpg','http://ecx.images-amazon.com/images/I/517JGARWSKL._SL160_.jpg','http://ecx.images-amazon.com/images/I/517JGARWSKL._SL500_.jpg'),
 ('0441810764','Time Enough for Love','4.000','1987-08-15',608,'http://ecx.images-amazon.com/images/I/21PJiTn6FbL._SL75_.jpg','http://ecx.images-amazon.com/images/I/21PJiTn6FbL._SL160_.jpg','http://ecx.images-amazon.com/images/I/21PJiTn6FbL._SL500_.jpg'),
 ('0446579823','Supreme Courtship','4.000','2008-09-03',285,'http://ecx.images-amazon.com/images/I/5196hMuPZPL._SL75_.jpg','http://ecx.images-amazon.com/images/I/5196hMuPZPL._SL160_.jpg','http://ecx.images-amazon.com/images/I/5196hMuPZPL._SL500_.jpg'),
 ('0451460413','Dies the Fire: A Novel of the Change','3.500','2005-09-06',592,'http://ecx.images-amazon.com/images/I/51S9E7BR81L._SL75_.jpg','http://ecx.images-amazon.com/images/I/51S9E7BR81L._SL160_.jpg','http://ecx.images-amazon.com/images/I/51S9E7BR81L._SL500_.jpg'),
 ('0451460774','The Protector\'s War: A Novel of the Change (Protector)','3.000','2006-09-05',608,'http://ecx.images-amazon.com/images/I/21M5GBS07SL._SL75_.jpg','http://ecx.images-amazon.com/images/I/21M5GBS07SL._SL160_.jpg','http://ecx.images-amazon.com/images/I/21M5GBS07SL._SL500_.jpg'),
 ('0451461665','A Meeting at Corvallis: A Novel of the Change (Dies the Fire)','4.000','2007-09-04',640,'http://ecx.images-amazon.com/images/I/51PRmB8It3L._SL75_.jpg','http://ecx.images-amazon.com/images/I/51PRmB8It3L._SL160_.jpg','http://ecx.images-amazon.com/images/I/51PRmB8It3L._SL500_.jpg'),
 ('0451462254','The Sunrise Lands: A Novel of the Change (Change Series)','4.000','2008-09-02',528,'http://ecx.images-amazon.com/images/I/51ouZtCXuRL._SL75_.jpg','http://ecx.images-amazon.com/images/I/51ouZtCXuRL._SL160_.jpg','http://ecx.images-amazon.com/images/I/51ouZtCXuRL._SL500_.jpg'),
 ('0451462289','The Scourge of God: A Novel of the Change','4.500','2008-09-02',464,'http://ecx.images-amazon.com/images/I/51aecAcqCvL._SL75_.jpg','http://ecx.images-amazon.com/images/I/51aecAcqCvL._SL160_.jpg','http://ecx.images-amazon.com/images/I/51aecAcqCvL._SL500_.jpg'),
 ('0451462564','Turn Coat (The Dresden Files, Book 11)',NULL,'2009-04-07',432,NULL,NULL,NULL),
 ('0552133256','Strata','4.000','2005-07-06',288,'http://ecx.images-amazon.com/images/I/515BXPNX7YL._SL75_.jpg','http://ecx.images-amazon.com/images/I/515BXPNX7YL._SL160_.jpg','http://ecx.images-amazon.com/images/I/515BXPNX7YL._SL500_.jpg'),
 ('0553278398','Prelude to Foundation (Foundation Novels)','4.500','1989-03-01',528,'http://ecx.images-amazon.com/images/I/51X0KKE30AL._SL75_.jpg','http://ecx.images-amazon.com/images/I/51X0KKE30AL._SL160_.jpg','http://ecx.images-amazon.com/images/I/51X0KKE30AL._SL500_.jpg'),
 ('0553293354','Foundation (Foundation Novels)','4.500','1991-10-01',320,'http://ecx.images-amazon.com/images/I/41VTYD0QZBL._SL75_.jpg','http://ecx.images-amazon.com/images/I/41VTYD0QZBL._SL160_.jpg','http://ecx.images-amazon.com/images/I/41VTYD0QZBL._SL500_.jpg'),
 ('0553293362','Second Foundation (Foundation Novels)','4.500','1991-10-01',304,'http://ecx.images-amazon.com/images/I/41SGWPCKQ7L._SL75_.jpg','http://ecx.images-amazon.com/images/I/41SGWPCKQ7L._SL160_.jpg','http://ecx.images-amazon.com/images/I/41SGWPCKQ7L._SL500_.jpg'),
 ('0553293370','Foundation and Empire (Foundation Novels)','4.500','1991-11-01',320,'http://ecx.images-amazon.com/images/I/513PXRQNQNL._SL75_.jpg','http://ecx.images-amazon.com/images/I/513PXRQNQNL._SL160_.jpg','http://ecx.images-amazon.com/images/I/513PXRQNQNL._SL500_.jpg'),
 ('0553345923','Aegypt','4.500','1989-02-01',NULL,'http://ecx.images-amazon.com/images/I/514roxYi%2BVL._SL75_.jpg','http://ecx.images-amazon.com/images/I/514roxYi%2BVL._SL160_.jpg','http://ecx.images-amazon.com/images/I/514roxYi%2BVL._SL500_.jpg'),
 ('0553587579','Foundation and Earth','4.000','2004-08-31',528,'http://ecx.images-amazon.com/images/I/511H56VJP4L._SL75_.jpg','http://ecx.images-amazon.com/images/I/511H56VJP4L._SL160_.jpg','http://ecx.images-amazon.com/images/I/511H56VJP4L._SL500_.jpg'),
 ('0575075414','Polystom: Two Universes in One Reality (Gollancz S.F.)','3.500','2004-07-01',352,'http://ecx.images-amazon.com/images/I/41uq2zH5K7L._SL75_.jpg','http://ecx.images-amazon.com/images/I/41uq2zH5K7L._SL160_.jpg','http://ecx.images-amazon.com/images/I/41uq2zH5K7L._SL500_.jpg'),
 ('0765304961','Ender in Exile (Ender)',NULL,'2008-11-11',384,'http://ecx.images-amazon.com/images/I/5183vhsemJL._SL75_.jpg','http://ecx.images-amazon.com/images/I/5183vhsemJL._SL160_.jpg','http://ecx.images-amazon.com/images/I/5183vhsemJL._SL500_.jpg'),
 ('0765315459','Pirate Sun: Book Three of Virga','5.000','2008-08-05',320,'http://ecx.images-amazon.com/images/I/51%2BFmz9kVGL._SL75_.jpg','http://ecx.images-amazon.com/images/I/51%2BFmz9kVGL._SL160_.jpg','http://ecx.images-amazon.com/images/I/51%2BFmz9kVGL._SL500_.jpg'),
 ('0765318679','The Wanderer\'s Tale (Annals of Lindormyn)','3.000','2007-07-10',448,'http://ecx.images-amazon.com/images/I/4143INVMhOL._SL75_.jpg','http://ecx.images-amazon.com/images/I/4143INVMhOL._SL160_.jpg','http://ecx.images-amazon.com/images/I/4143INVMhOL._SL500_.jpg'),
 ('0765319209','Sly Mongoose','5.000','2008-08-19',320,'http://ecx.images-amazon.com/images/I/51GyCv0d9-L._SL75_.jpg','http://ecx.images-amazon.com/images/I/51GyCv0d9-L._SL160_.jpg','http://ecx.images-amazon.com/images/I/51GyCv0d9-L._SL500_.jpg'),
 ('0765320428','The Court of the Air','5.000','2008-06-10',592,'http://ecx.images-amazon.com/images/I/51VI-JI1fWL._SL75_.jpg','http://ecx.images-amazon.com/images/I/51VI-JI1fWL._SL160_.jpg','http://ecx.images-amazon.com/images/I/51VI-JI1fWL._SL500_.jpg'),
 ('0765320460','Liberation: Being the Adventures of the Slick Six After the Collapse of the United States of America','4.500','2008-10-14',304,'http://ecx.images-amazon.com/images/I/51ywUpID4PL._SL75_.jpg','http://ecx.images-amazon.com/images/I/51ywUpID4PL._SL160_.jpg','http://ecx.images-amazon.com/images/I/51ywUpID4PL._SL500_.jpg'),
 ('0765345579','Skyfall (Saga of the Skolian Empire)','3.500','2004-10-01',336,'http://ecx.images-amazon.com/images/I/51GA67B65HL._SL75_.jpg','http://ecx.images-amazon.com/images/I/51GA67B65HL._SL160_.jpg','http://ecx.images-amazon.com/images/I/51GA67B65HL._SL500_.jpg'),
 ('0765355558','The Outback Stars (Tor Science Fiction)','4.000','2008-02-05',400,'http://ecx.images-amazon.com/images/I/51LYJauJUnL._SL75_.jpg','http://ecx.images-amazon.com/images/I/51LYJauJUnL._SL160_.jpg','http://ecx.images-amazon.com/images/I/51LYJauJUnL._SL500_.jpg'),
 ('0765358549','The Good Fairies of New York','4.000','2008-06-03',288,'http://ecx.images-amazon.com/images/I/510VDzht9xL._SL75_.jpg','http://ecx.images-amazon.com/images/I/510VDzht9xL._SL160_.jpg','http://ecx.images-amazon.com/images/I/510VDzht9xL._SL500_.jpg'),
 ('0786948574','Last Dragon (Discoveries)','4.000','2008-02-05',400,'http://ecx.images-amazon.com/images/I/41jn8zmoS6L._SL75_.jpg','http://ecx.images-amazon.com/images/I/41jn8zmoS6L._SL160_.jpg','http://ecx.images-amazon.com/images/I/41jn8zmoS6L._SL500_.jpg'),
 ('0809572354','The Traitor','3.500','2007-08-01',152,'http://ecx.images-amazon.com/images/I/51QuRdAgyzL._SL75_.jpg','http://ecx.images-amazon.com/images/I/51QuRdAgyzL._SL160_.jpg','http://ecx.images-amazon.com/images/I/51QuRdAgyzL._SL500_.jpg'),
 ('0812550234','Primary Inversion (The Saga of the Skolian Empire)','4.500','1996-05-15',384,'http://ecx.images-amazon.com/images/I/51ZBDZS7C6L._SL75_.jpg','http://ecx.images-amazon.com/images/I/51ZBDZS7C6L._SL160_.jpg','http://ecx.images-amazon.com/images/I/51ZBDZS7C6L._SL500_.jpg'),
 ('0812551028','Catch The Lightning (The Saga of the Skolian Empire)','3.500','1997-10-15',320,'http://ecx.images-amazon.com/images/I/51XWn2jMKUL._SL75_.jpg','http://ecx.images-amazon.com/images/I/51XWn2jMKUL._SL160_.jpg','http://ecx.images-amazon.com/images/I/51XWn2jMKUL._SL500_.jpg'),
 ('0812568834','The Quantum Rose (The Saga of the Skolian Empire)','4.000','2002-02-18',432,'http://ecx.images-amazon.com/images/I/5100BRQ4S8L._SL75_.jpg','http://ecx.images-amazon.com/images/I/5100BRQ4S8L._SL160_.jpg','http://ecx.images-amazon.com/images/I/5100BRQ4S8L._SL500_.jpg'),
 ('0930289595','The Sandman Vol. 2: The Doll\'s House','4.500','1991-09-01',256,'http://ecx.images-amazon.com/images/I/51HMGFYTC6L._SL75_.jpg','http://ecx.images-amazon.com/images/I/51HMGFYTC6L._SL160_.jpg','http://ecx.images-amazon.com/images/I/51HMGFYTC6L._SL500_.jpg'),
 ('1416505490','Have Spacesuit, Will Travel','4.500','2005-02-08',256,'http://ecx.images-amazon.com/images/I/51yLQm8M4NL._SL75_.jpg','http://ecx.images-amazon.com/images/I/51yLQm8M4NL._SL160_.jpg','http://ecx.images-amazon.com/images/I/51yLQm8M4NL._SL500_.jpg'),
 ('1416521054','Into the Looking Glass (Looking Glass, Book 1)','3.500','2007-03-27',400,'http://ecx.images-amazon.com/images/I/51sANDiq-gL._SL75_.jpg','http://ecx.images-amazon.com/images/I/51sANDiq-gL._SL160_.jpg','http://ecx.images-amazon.com/images/I/51sANDiq-gL._SL500_.jpg'),
 ('1416555218','Manxome Foe (Looking Glass, Book 3)','4.500','2008-02-05',352,'http://ecx.images-amazon.com/images/I/516bxZd8hbL._SL75_.jpg','http://ecx.images-amazon.com/images/I/516bxZd8hbL._SL160_.jpg','http://ecx.images-amazon.com/images/I/516bxZd8hbL._SL500_.jpg'),
 ('1416555714','Yellow Eyes (Posleen War)','4.000','2008-08-26',848,'http://ecx.images-amazon.com/images/I/51iDIHQsLGL._SL75_.jpg','http://ecx.images-amazon.com/images/I/51iDIHQsLGL._SL160_.jpg','http://ecx.images-amazon.com/images/I/51iDIHQsLGL._SL500_.jpg'),
 ('1416555862','Vorpal Blade (Looking Glass, Book 2)','4.000','2008-09-30',576,'http://ecx.images-amazon.com/images/I/51WSTkRD8IL._SL75_.jpg','http://ecx.images-amazon.com/images/I/51WSTkRD8IL._SL160_.jpg','http://ecx.images-amazon.com/images/I/51WSTkRD8IL._SL500_.jpg'),
 ('1416555870','Claws that Catch (Looking Glass, Book 4)',NULL,'2008-11-04',416,'http://ecx.images-amazon.com/images/I/51nV1%2BgHkdL._SL75_.jpg','http://ecx.images-amazon.com/images/I/51nV1%2BgHkdL._SL160_.jpg','http://ecx.images-amazon.com/images/I/51nV1%2BgHkdL._SL500_.jpg'),
 ('1416555919','Honor of the Clan (The Posleen War)',NULL,'2009-01-08',448,'http://ecx.images-amazon.com/images/I/51yhVBras0L._SL75_.jpg','http://ecx.images-amazon.com/images/I/51yhVBras0L._SL160_.jpg','http://ecx.images-amazon.com/images/I/51yhVBras0L._SL500_.jpg'),
 ('1555839878','Mordred, Bastard Son (Mordred Trilogy)','4.500','2007-02-01',260,'http://ecx.images-amazon.com/images/I/41apb-X%2BJWL._SL75_.jpg','http://ecx.images-amazon.com/images/I/41apb-X%2BJWL._SL160_.jpg','http://ecx.images-amazon.com/images/I/41apb-X%2BJWL._SL500_.jpg'),
 ('1563890119','The Sandman Vol. 1: Preludes and Nocturnes','4.500','1993-12-07',240,'http://ecx.images-amazon.com/images/I/51SJZPYFD1L._SL75_.jpg','http://ecx.images-amazon.com/images/I/51SJZPYFD1L._SL160_.jpg','http://ecx.images-amazon.com/images/I/51SJZPYFD1L._SL500_.jpg'),
 ('1573223328','Across the Nightingale Floor (Tales of the Otori, Book 1)','4.000','2003-06-03',320,'http://ecx.images-amazon.com/images/I/41EV0MDQ8FL._SL75_.jpg','http://ecx.images-amazon.com/images/I/41EV0MDQ8FL._SL160_.jpg','http://ecx.images-amazon.com/images/I/41EV0MDQ8FL._SL500_.jpg'),
 ('1590200152','Love  &  Sleep (Aegypt)','4.000','2008-01-29',512,'http://ecx.images-amazon.com/images/I/515235X1r7L._SL75_.jpg','http://ecx.images-amazon.com/images/I/515235X1r7L._SL160_.jpg','http://ecx.images-amazon.com/images/I/515235X1r7L._SL500_.jpg'),
 ('159102594X','The Blade Itself (The First Law: Book One)','4.500','2007-09-06',531,'http://ecx.images-amazon.com/images/I/51JQxyyzNNL._SL75_.jpg','http://ecx.images-amazon.com/images/I/51JQxyyzNNL._SL160_.jpg','http://ecx.images-amazon.com/images/I/51JQxyyzNNL._SL500_.jpg'),
 ('1591026415','Before They Are Hanged (The First Law: Book Two)','4.500','2008-03-25',543,'http://ecx.images-amazon.com/images/I/51FkKpfEZAL._SL75_.jpg','http://ecx.images-amazon.com/images/I/51FkKpfEZAL._SL160_.jpg','http://ecx.images-amazon.com/images/I/51FkKpfEZAL._SL500_.jpg'),
 ('1591026903','Last Argument of Kings (First Law: Book Three)','4.000','2008-09-23',639,'http://ecx.images-amazon.com/images/I/51PX2x67-ZL._SL75_.jpg','http://ecx.images-amazon.com/images/I/51PX2x67-ZL._SL160_.jpg','http://ecx.images-amazon.com/images/I/51PX2x67-ZL._SL500_.jpg'),
 ('1594480036','Grass for His Pillow (Tales of the Otori, Book 2)','4.000','2004-06-01',368,'http://ecx.images-amazon.com/images/I/51DYA8BPS9L._SL75_.jpg','http://ecx.images-amazon.com/images/I/51DYA8BPS9L._SL160_.jpg','http://ecx.images-amazon.com/images/I/51DYA8BPS9L._SL500_.jpg'),
 ('1595540857','Hood (King Raven Trilogy, Book 1)','4.500','2006-09-05',496,'http://ecx.images-amazon.com/images/I/51yM8cOC4iL._SL75_.jpg','http://ecx.images-amazon.com/images/I/51yM8cOC4iL._SL160_.jpg','http://ecx.images-amazon.com/images/I/51yM8cOC4iL._SL500_.jpg'),
 ('1595540873','Tuck',NULL,'2009-02-10',496,NULL,NULL,NULL),
 ('159554089X','Scarlet (The King Raven, Book 2)','4.500','2008-06-10',464,'http://ecx.images-amazon.com/images/I/51yYy6tjdlL._SL75_.jpg','http://ecx.images-amazon.com/images/I/51yYy6tjdlL._SL160_.jpg','http://ecx.images-amazon.com/images/I/51yYy6tjdlL._SL500_.jpg'),
 ('1930846452','The Jennifer Morgue','4.500','2006-11',340,'http://ecx.images-amazon.com/images/I/51C9564HW3L._SL75_.jpg','http://ecx.images-amazon.com/images/I/51C9564HW3L._SL160_.jpg','http://ecx.images-amazon.com/images/I/51C9564HW3L._SL500_.jpg'),
 ('B0013L2DXW','Wintersmith','4.500','2006-10-01',336,'http://ecx.images-amazon.com/images/I/51YV209X3XL._SL75_.jpg','http://ecx.images-amazon.com/images/I/51YV209X3XL._SL160_.jpg','http://ecx.images-amazon.com/images/I/51YV209X3XL._SL500_.jpg');
/*!40000 ALTER TABLE `book` ENABLE KEYS */;


--
-- Definition of table `carlweb`
--

DROP TABLE IF EXISTS `carlweb`;
CREATE TABLE `carlweb` (
  `isbn` varchar(10) NOT NULL,
  `carlweb_id` int(11) NOT NULL,
  PRIMARY KEY  (`isbn`),
  CONSTRAINT `carlweb_ibfk_1` FOREIGN KEY (`isbn`) REFERENCES `book` (`isbn`)
) ENGINE=InnoDB DEFAULT CHARSET=latin1;

--
-- Dumping data for table `carlweb`
--

/*!40000 ALTER TABLE `carlweb` DISABLE KEYS */;
/*!40000 ALTER TABLE `carlweb` ENABLE KEYS */;


--
-- Definition of table `lib_entry`
--

DROP TABLE IF EXISTS `lib_entry`;
CREATE TABLE `lib_entry` (
  `lib_id` int(10) unsigned NOT NULL auto_increment,
  `username` varchar(30) NOT NULL,
  `isbn` varchar(10) NOT NULL,
  `user_rating` decimal(4,3) unsigned default NULL,
  `date_added` date NOT NULL,
  `date_started` date default NULL,
  `date_finished` date default NULL,
  PRIMARY KEY  (`lib_id`),
  UNIQUE KEY `username_2` (`username`,`isbn`),
  KEY `isbn` (`isbn`),
  KEY `username` (`username`),
  CONSTRAINT `lib_entry_ibfk_1` FOREIGN KEY (`isbn`) REFERENCES `book` (`isbn`),
  CONSTRAINT `lib_entry_ibfk_2` FOREIGN KEY (`username`) REFERENCES `user` (`username`)
) ENGINE=InnoDB AUTO_INCREMENT=126 DEFAULT CHARSET=latin1;

--
-- Dumping data for table `lib_entry`
--

/*!40000 ALTER TABLE `lib_entry` DISABLE KEYS */;
INSERT INTO `lib_entry` (`lib_id`,`username`,`isbn`,`user_rating`,`date_added`,`date_started`,`date_finished`) VALUES 
 (1,'apple','1416555870',NULL,'2008-09-17',NULL,NULL),
 (2,'apple','0061433012',NULL,'2008-09-17','9999-12-31','9999-12-31'),
 (3,'apple','0061474096',NULL,'2008-09-17','9999-12-31','9999-12-31'),
 (4,'apple','0316143472',NULL,'2008-09-17','9999-12-31','9999-12-31'),
 (5,'apple','0345496884',NULL,'2008-09-17','9999-12-31','9999-12-31'),
 (6,'apple','0345501748',NULL,'2008-09-17',NULL,NULL),
 (7,'apple','0345507460',NULL,'2008-09-17',NULL,NULL),
 (8,'apple','0380798379',NULL,'2008-09-17','9999-12-31','9999-12-31'),
 (9,'apple','0425222330',NULL,'2008-09-17',NULL,NULL),
 (10,'apple','0441013651',NULL,'2008-09-17',NULL,NULL),
 (11,'apple','0441016197',NULL,'2008-09-17','9999-12-31','9999-12-31'),
 (12,'apple','0441016383',NULL,'2008-09-17',NULL,NULL),
 (13,'apple','0451462289',NULL,'2008-09-17','9999-12-31','9999-12-31'),
 (14,'apple','0451462564',NULL,'2008-09-17',NULL,NULL),
 (15,'apple','0553345923',NULL,'2008-09-17','9999-12-31','9999-12-31'),
 (16,'apple','0765304961',NULL,'2008-09-17',NULL,NULL),
 (17,'apple','0765315459',NULL,'2008-09-17','9999-12-31','9999-12-31'),
 (18,'apple','0765318679',NULL,'2008-09-17',NULL,NULL),
 (19,'apple','0765319209',NULL,'2008-09-17','9999-12-31','9999-12-31'),
 (20,'apple','0765320428',NULL,'2008-09-17',NULL,NULL),
 (21,'apple','0765358549',NULL,'2008-09-17',NULL,NULL),
 (22,'apple','0809572354',NULL,'2008-09-17',NULL,NULL),
 (24,'apple','1416555919',NULL,'2008-09-17',NULL,NULL),
 (25,'apple','1555839878',NULL,'2008-09-17',NULL,NULL),
 (26,'apple','1590200152',NULL,'2008-09-17',NULL,NULL),
 (27,'apple','159102594X',NULL,'2008-09-17',NULL,NULL),
 (28,'apple','1591026415',NULL,'2008-09-17',NULL,NULL),
 (29,'apple','1591026903',NULL,'2008-09-17',NULL,NULL),
 (30,'apple','1595540857',NULL,'2008-09-17','9999-12-31','9999-12-31'),
 (31,'apple','159554089X',NULL,'2008-09-17','9999-12-31','9999-12-31'),
 (32,'apple','1930846452',NULL,'2008-09-17','9999-12-31','9999-12-31'),
 (33,'apple','1595540873',NULL,'2008-09-17',NULL,NULL),
 (34,'apple','0061161659',NULL,'2008-10-27','9999-12-31','9999-12-31'),
 (35,'apple','0060853972',NULL,'2008-10-28','9999-12-31','9999-12-31'),
 (36,'apple','0061020710',NULL,'2008-10-29','9999-12-31','9999-12-31'),
 (37,'apple','0061020664',NULL,'2008-10-29','9999-12-31','9999-12-31'),
 (38,'apple','0060012358',NULL,'2008-10-29','9999-12-31','9999-12-31'),
 (39,'apple','0061020648',NULL,'2008-10-29','9999-12-31','9999-12-31'),
 (40,'apple','0060012382',NULL,'2008-10-29','9999-12-31','9999-12-31'),
 (41,'apple','0061020702',NULL,'2008-10-29','9999-12-31','9999-12-31'),
 (42,'apple','0061020680',NULL,'2008-10-29','9999-12-31','9999-12-31'),
 (43,'apple','0060586621',NULL,'2008-10-29','9999-12-31','9999-12-31'),
 (44,'apple','0061020656',NULL,'2008-10-29','9999-12-31','9999-12-31'),
 (45,'apple','0061020699',NULL,'2008-10-29','9999-12-31','9999-12-31'),
 (46,'apple','006105691X',NULL,'2008-10-29','9999-12-31','9999-12-31'),
 (47,'apple','0380821214',NULL,'2008-10-29','9999-12-31','9999-12-31'),
 (48,'apple','0061020672',NULL,'2008-10-29','9999-12-31','9999-12-31'),
 (49,'apple','0061054895',NULL,'2008-10-29','9999-12-31','9999-12-31'),
 (50,'apple','0061020397',NULL,'2008-10-29','9999-12-31','9999-12-31'),
 (51,'apple','0060502932',NULL,'2008-10-29','9999-12-31','9999-12-31'),
 (52,'apple','0061092193',NULL,'2008-10-29','9999-12-31','9999-12-31'),
 (53,'apple','0061020613',NULL,'2008-10-29','9999-12-31','9999-12-31'),
 (54,'apple','006102063X',NULL,'2008-10-29','9999-12-31','9999-12-31'),
 (55,'apple','0061092177',NULL,'2008-10-29','9999-12-31','9999-12-31'),
 (56,'apple','0060507772',NULL,'2008-10-29','9999-12-31','9999-12-31'),
 (57,'apple','0061056928',NULL,'2008-10-29','9999-12-31','9999-12-31'),
 (58,'apple','0061057649',NULL,'2008-10-29','9999-12-31','9999-12-31'),
 (59,'apple','0061020621',NULL,'2008-10-29','9999-12-31','9999-12-31'),
 (60,'apple','0061059056',NULL,'2008-10-29','9999-12-31','9999-12-31'),
 (61,'apple','0060013125',NULL,'2008-10-29','9999-12-31','9999-12-31'),
 (62,'apple','B0013L2DXW',NULL,'2008-10-29','9999-12-31','9999-12-31'),
 (63,'apple','0061059064',NULL,'2008-10-29','9999-12-31','9999-12-31'),
 (64,'apple','0061031321',NULL,'2008-10-29','9999-12-31','9999-12-31'),
 (65,'apple','0061059072',NULL,'2008-10-29','9999-12-31','9999-12-31'),
 (66,'apple','0380818191',NULL,'2008-10-29','9999-12-31','9999-12-31'),
 (67,'apple','0061056901',NULL,'2008-10-29','9999-12-31','9999-12-31'),
 (68,'apple','0060872675',NULL,'2008-10-29','9999-12-31','9999-12-31'),
 (69,'apple','0060094931',NULL,'2008-10-29','9999-12-31','9999-12-31'),
 (70,'apple','0060013168',NULL,'2008-10-29','9999-12-31','9999-12-31'),
 (71,'apple','0060541938',NULL,'2008-10-29','9999-12-31','9999-12-31'),
 (72,'apple','0061020400',NULL,'2008-10-29','9999-12-31','9999-12-31'),
 (73,'apple','0060815310',NULL,'2008-10-29','9999-12-31','9999-12-31'),
 (74,'apple','0060541873',NULL,'2008-10-29','9999-12-31','9999-12-31'),
 (75,'apple','0060541903',NULL,'2008-10-29','9999-12-31','9999-12-31'),
 (76,'apple','0552133256',NULL,'2008-10-29','9999-12-31','9999-12-31'),
 (77,'apple','0441783589',NULL,'2008-10-29','9999-12-31','9999-12-31'),
 (78,'apple','0441788386',NULL,'2008-10-29','9999-12-31','9999-12-31'),
 (79,'apple','0312863551',NULL,'2008-10-29','9999-12-31','9999-12-31'),
 (80,'apple','0441810764',NULL,'2008-10-29','9999-12-31','9999-12-31'),
 (81,'apple','0345316509',NULL,'2008-10-29','9999-12-31','9999-12-31'),
 (82,'apple','0345330129',NULL,'2008-10-29','9999-12-31','9999-12-31'),
 (83,'apple','1416505490',NULL,'2008-10-29','9999-12-31','9999-12-31'),
 (84,'apple','0575075414',NULL,'2008-10-29','9999-12-31','9999-12-31'),
 (85,'apple','0451462254',NULL,'2008-10-29','9999-12-31','9999-12-31'),
 (86,'apple','0451460413',NULL,'2008-10-29','9999-12-31','9999-12-31'),
 (87,'apple','0451460774',NULL,'2008-10-29','9999-12-31','9999-12-31'),
 (88,'apple','0451461665',NULL,'2008-10-29','9999-12-31','9999-12-31'),
 (89,'apple','1416555862',NULL,'2008-10-29','9999-12-31','9999-12-31'),
 (90,'apple','1416555714',NULL,'2008-10-29','9999-12-31','9999-12-31'),
 (91,'apple','1416555218',NULL,'2008-10-29','9999-12-31','9999-12-31'),
 (92,'apple','1416521054',NULL,'2008-10-29','9999-12-31','9999-12-31'),
 (93,'apple','0812568834',NULL,'2008-10-31','9999-12-31','9999-12-31'),
 (94,'apple','0765345579',NULL,'2008-10-31','9999-12-31','9999-12-31'),
 (95,'apple','0812550234',NULL,'2008-10-31','9999-12-31','9999-12-31'),
 (96,'apple','0812551028',NULL,'2008-10-31','9999-12-31','9999-12-31'),
 (97,'apple','0446579823',NULL,'2008-11-03','9999-12-31','9999-12-31'),
 (98,'apple','1573223328',NULL,'2008-11-03','9999-12-31','9999-12-31'),
 (99,'apple','0765355558',NULL,'2008-11-03','9999-12-31','9999-12-31'),
 (100,'apple','0553293354',NULL,'2008-11-03','9999-12-31','9999-12-31'),
 (101,'apple','0553587579',NULL,'2008-11-03','9999-12-31','9999-12-31'),
 (102,'apple','0553293370',NULL,'2008-11-03','9999-12-31','9999-12-31'),
 (103,'apple','0553293362',NULL,'2008-11-03','9999-12-31','9999-12-31'),
 (104,'apple','0553278398',NULL,'2008-11-03','9999-12-31','9999-12-31'),
 (105,'apple','0061629243',NULL,'2008-11-04',NULL,NULL),
 (106,'apple','1594480036',NULL,'2008-11-10','9999-12-31','9999-12-31'),
 (107,'apple','0765320460',NULL,'2008-11-21',NULL,NULL),
 (108,'apple','0375848118',NULL,'2008-11-21',NULL,NULL),
 (109,'apple','0786948574',NULL,'2008-11-21',NULL,NULL),
 (110,'apple','0060530928',NULL,'2008-11-21',NULL,NULL),
 (117,'apple','0441015948',NULL,'2008-11-21',NULL,NULL),
 (118,'apple','0060558121',NULL,'2008-11-21',NULL,NULL),
 (119,'apple','1563890119',NULL,'2008-11-21',NULL,NULL),
 (120,'apple','0060557818',NULL,'2008-11-21',NULL,NULL),
 (121,'apple','0930289595',NULL,'2008-11-21',NULL,NULL),
 (122,'scumbkt','0061433012',NULL,'2008-11-21',NULL,NULL),
 (123,'scumbkt','0061161659',NULL,'2008-11-21',NULL,NULL),
 (124,'scumbkt','0060853972',NULL,'2008-11-21',NULL,NULL),
 (125,'scumbkt','0061020680',NULL,'2008-11-21',NULL,NULL);
/*!40000 ALTER TABLE `lib_entry` ENABLE KEYS */;


--
-- Definition of table `playlist_entry`
--

DROP TABLE IF EXISTS `playlist_entry`;
CREATE TABLE `playlist_entry` (
  `entry_id` int(10) unsigned NOT NULL,
  `playlist_name` varchar(30) NOT NULL default '',
  `order_num` int(10) unsigned default NULL,
  `username` varchar(30) NOT NULL,
  PRIMARY KEY  USING BTREE (`entry_id`,`playlist_name`,`username`),
  KEY `entry_id` (`entry_id`),
  KEY `FK_playlist_entry_2` (`username`),
  CONSTRAINT `FK_playlist_entry_2` FOREIGN KEY (`username`) REFERENCES `user` (`username`),
  CONSTRAINT `playlist_entry_ibfk_1` FOREIGN KEY (`entry_id`) REFERENCES `lib_entry` (`lib_id`)
) ENGINE=InnoDB DEFAULT CHARSET=latin1;

--
-- Dumping data for table `playlist_entry`
--

/*!40000 ALTER TABLE `playlist_entry` DISABLE KEYS */;
INSERT INTO `playlist_entry` (`entry_id`,`playlist_name`,`order_num`,`username`) VALUES 
 (1,'wanted',1,'apple'),
 (2,'read',1,'apple'),
 (6,'wanted',2,'apple'),
 (7,'wanted',3,'apple'),
 (9,'wanted',4,'apple');
/*!40000 ALTER TABLE `playlist_entry` ENABLE KEYS */;


--
-- Definition of table `tags`
--

DROP TABLE IF EXISTS `tags`;
CREATE TABLE `tags` (
  `isbn` varchar(10) default NULL,
  `tag` varchar(255) default NULL,
  KEY `isbn` (`isbn`),
  CONSTRAINT `tags_ibfk_1` FOREIGN KEY (`isbn`) REFERENCES `book` (`isbn`)
) ENGINE=InnoDB DEFAULT CHARSET=latin1;

--
-- Dumping data for table `tags`
--

/*!40000 ALTER TABLE `tags` DISABLE KEYS */;
INSERT INTO `tags` (`isbn`,`tag`) VALUES 
 ('1416555870','military science fiction'),
 ('1416555870','john ringo'),
 ('1416555870','looking glass series'),
 ('1416555870','multiverse'),
 ('1416555870','string theory'),
 ('0061433012','terry pratchett'),
 ('0061433012','pratchett'),
 ('0061433012','fantasy'),
 ('0061433012','discworld'),
 ('0061433012','fiction'),
 ('0061474096','neal stephenson'),
 ('0061474096','science fiction'),
 ('0061474096','geek'),
 ('0061474096','book'),
 ('0061474096','toread'),
 ('0316143472','david sedaris'),
 ('0316143472','humor'),
 ('0316143472','comedy'),
 ('0316143472','amazing read'),
 ('0316143472','bestseller'),
 ('0345496884','naomi novik'),
 ('0345496884','temeraire'),
 ('0345496884','dragons'),
 ('0345496884','historical fantasy'),
 ('0345496884','alternate history'),
 ('0345501748','chabon'),
 ('0345501748','adventure'),
 ('0345501748','historical fiction'),
 ('0345501748','khazar empire'),
 ('0345501748','jews'),
 ('0345507460','dresden files'),
 ('0345507460','harry dresden'),
 ('0345507460','jim butcher'),
 ('0345507460','the dresden files'),
 ('0345507460','urban dark fantasy'),
 ('0380798379','tim powers'),
 ('0380798379','time travel'),
 ('0380798379','charlie chaplin'),
 ('0380798379','einstein'),
 ('0380798379','fantasy'),
 ('0441013651','british sf'),
 ('0441013651','charles stross'),
 ('0441013651','science fiction'),
 ('0441013651','horror'),
 ('0441013651','alternate reality'),
 ('0441016197','military science fiction'),
 ('0441016197','lost fleet'),
 ('0441016197','sf military'),
 ('0441016197','excellent war science fiction'),
 ('0441016197','jack campbell'),
 ('0441016383','codex alera'),
 ('0441016383','jim butcher'),
 ('0441016383','epic fantasy'),
 ('0441016383','alera'),
 ('0441016383','fantasy'),
 ('0451462289','alternate history'),
 ('0451462289','sm stirling'),
 ('0451462289','post-apocalyptic'),
 ('0451462289','military science fiction'),
 ('0451462289','science fiction'),
 ('0451462564','harry dresden'),
 ('0451462564','jim butcher'),
 ('0451462564','dresden files'),
 ('0451462564','the dresden files'),
 ('0451462564','urban dark fantasy'),
 ('0765304961','orson scott card'),
 ('0765304961','ender'),
 ('0765304961','enders saga'),
 ('0765304961','ender series'),
 ('0765304961','science fiction'),
 ('0765315459','karl schroeder'),
 ('0765315459','hard sf'),
 ('0765315459','science fiction'),
 ('0765315459','airships'),
 ('0765315459','epic space opera'),
 ('0765318679','british fantasy'),
 ('0765318679','epic fantasy'),
 ('0765318679','fantasy'),
 ('0765318679','best books of 2007 so far'),
 ('0765318679','good characters'),
 ('0765319209','science fiction'),
 ('0765319209','adventure'),
 ('0765319209','epic space opera'),
 ('0765319209','democracy'),
 ('0765319209','dreds'),
 ('0765320428','steampunk'),
 ('0765320428','fantasy'),
 ('0765320428','adventure'),
 ('0765320428','british'),
 ('0765320428','lord of the rings'),
 ('0765358549','fairies'),
 ('0765358549','new york'),
 ('0765358549','crohns disease'),
 ('0765358549','fantasy'),
 ('0765358549','scotland'),
 ('0809572354','dark fantasy'),
 ('0809572354','lit'),
 ('1416555919','military science fiction'),
 ('1416555919','sf military'),
 ('1416555919','adventure'),
 ('1416555919','john ringo'),
 ('1416555919','space opera'),
 ('1555839878','arthurian legend'),
 ('1555839878','lancelot'),
 ('1555839878','gay'),
 ('1555839878','gay romance'),
 ('1555839878','alternate history'),
 ('1590200152','john crowley'),
 ('159102594X','epic fantasy'),
 ('159102594X','good characters'),
 ('159102594X','fantasy'),
 ('159102594X','sword and sorcery'),
 ('159102594X','black humor'),
 ('1591026415','fantasy'),
 ('1591026415','good characters'),
 ('1591026415','brilliant'),
 ('1591026415','epic fantasy'),
 ('1591026415','joe abercrombie'),
 ('1591026903','dark fantasy'),
 ('1591026903','brilliant'),
 ('1591026903','epic fantasy'),
 ('1591026903','fantasy series'),
 ('1591026903','adventure'),
 ('1595540857','robin hood'),
 ('1595540857','lawhead'),
 ('1595540857','adventure'),
 ('1595540857','legend'),
 ('1595540857','historical fiction'),
 ('159554089X','robin hood'),
 ('159554089X','stephen r lawhead'),
 ('159554089X','historical fiction'),
 ('159554089X','fantasy'),
 ('159554089X','adventure'),
 ('1930846452','humor'),
 ('1930846452','charles stross'),
 ('1930846452','hp lovecraft'),
 ('1930846452','horror'),
 ('1930846452','contemporary fantasy'),
 ('1595540873','stephen r lawhead'),
 ('1595540873','christian fantasy'),
 ('1595540873','historical fiction'),
 ('0061161659','discworld'),
 ('0061161659','terry pratchett'),
 ('0061161659','fantasy'),
 ('0060853972','terry pratchett'),
 ('0060853972','neil gaiman'),
 ('0060853972','satire'),
 ('0060853972','angels'),
 ('0060853972','apocalypse'),
 ('0061020710','discworld'),
 ('0061020710','fantasy'),
 ('0061020710','terry pratchett'),
 ('0061020710','humor'),
 ('0061020710','pratchett'),
 ('0061020664','discworld'),
 ('0061020664','terry pratchett'),
 ('0061020664','fantasy'),
 ('0061020664','humor'),
 ('0061020664','satire'),
 ('0060012358','discworld'),
 ('0060012358','terry pratchett'),
 ('0060012358','fantasy'),
 ('0060012358','humor'),
 ('0060012358','best kids fantasy'),
 ('0061020648','discworld'),
 ('0061020648','fantasy'),
 ('0061020648','terry pratchett'),
 ('0061020648','humor'),
 ('0061020648','satirical fantasy'),
 ('0060012382','discworld'),
 ('0060012382','fantasy'),
 ('0060012382','terry pratchett'),
 ('0060012382','humor'),
 ('0060012382','pratchett'),
 ('0061020702','discworld'),
 ('0061020702','fantasy'),
 ('0061020702','terry pratchett'),
 ('0061020702','humor'),
 ('0061020702','book'),
 ('0061020680','discworld'),
 ('0061020680','terry pratchett'),
 ('0061020680','fantasy'),
 ('0061020680','pratchett'),
 ('0061020680','book'),
 ('0060586621','discworld'),
 ('0060586621','terry pratchett'),
 ('0060586621','wee free men'),
 ('0060586621','fantasy'),
 ('0060586621','nac mac feegle'),
 ('0061020656','discworld'),
 ('0061020656','terry pratchett'),
 ('0061020656','fantasy'),
 ('0061020656','humor'),
 ('0061020656','pratchett'),
 ('0061020699','discworld'),
 ('0061020699','terry pratchett'),
 ('0061020699','fantasy'),
 ('0061020699','humor'),
 ('0061020699','satirical fantasy'),
 ('006105691X','discworld'),
 ('006105691X','terry pratchett'),
 ('006105691X','fantasy'),
 ('006105691X','humor'),
 ('006105691X','satirical fantasy'),
 ('0380821214','discworld'),
 ('0380821214','terry pratchett'),
 ('0380821214','fantasy'),
 ('0380821214','humor'),
 ('0380821214','book'),
 ('0061020672','discworld'),
 ('0061020672','terry pratchett'),
 ('0061020672','fantasy'),
 ('0061020672','humor'),
 ('0061020672','satirical fantasy'),
 ('0061054895','discworld'),
 ('0061054895','terry pratchett'),
 ('0061054895','fantasy'),
 ('0061054895','humor'),
 ('0061054895','book'),
 ('0061020397','discworld'),
 ('0061020397','terry pratchett'),
 ('0061020397','fantasy'),
 ('0061020397','humor'),
 ('0061020397','comedy'),
 ('0060502932','discworld'),
 ('0060502932','terry pratchett'),
 ('0060502932','fantasy'),
 ('0060502932','humor'),
 ('0060502932','pratchett'),
 ('0061092193','discworld'),
 ('0061092193','terry pratchett'),
 ('0061092193','fantasy'),
 ('0061092193','humor'),
 ('0061092193','pratchett'),
 ('0061020613','discworld'),
 ('0061020613','terry pratchett'),
 ('0061020613','fantasy'),
 ('0061020613','humor'),
 ('0061020613','satirical fantasy'),
 ('006102063X','discworld'),
 ('006102063X','terry pratchett'),
 ('006102063X','fantasy'),
 ('006102063X','humor'),
 ('006102063X','satirical fantasy'),
 ('0061092177','discworld'),
 ('0061092177','terry pratchett'),
 ('0061092177','fantasy'),
 ('0061092177','humor'),
 ('0061092177','satirical fantasy'),
 ('0060507772','discworld'),
 ('0060507772','terry pratchett'),
 ('0060507772','fantasy'),
 ('0060507772','humour'),
 ('0060507772','humor'),
 ('0061056928','discworld'),
 ('0061056928','terry pratchett'),
 ('0061056928','fantasy'),
 ('0061056928','humor'),
 ('0061056928','satirical fantasy'),
 ('0061057649','discworld'),
 ('0061057649','fantasy'),
 ('0061057649','terry pratchett'),
 ('0061057649','humor'),
 ('0061057649','book'),
 ('0061020621','discworld'),
 ('0061020621','fantasy'),
 ('0061020621','terry pratchett'),
 ('0061020621','humor'),
 ('0061020621','pratchett'),
 ('0061059056','discworld'),
 ('0061059056','terry pratchett'),
 ('0061059056','fantasy'),
 ('0061059056','humor'),
 ('0061059056','satirical fantasy'),
 ('0060013125','discworld'),
 ('0060013125','fantasy'),
 ('0060013125','humor'),
 ('0060013125','pratchett'),
 ('0060013125','book'),
 ('B0013L2DXW','discworld'),
 ('B0013L2DXW','terry pratchett'),
 ('B0013L2DXW','humorous fantasy'),
 ('B0013L2DXW','fantasy'),
 ('B0013L2DXW','satire'),
 ('0061059064','discworld'),
 ('0061059064','terry pratchett'),
 ('0061059064','fantasy'),
 ('0061059064','humor'),
 ('0061059064','satirical fantasy'),
 ('0061031321','discworld'),
 ('0061031321','fantasy'),
 ('0061031321','humor'),
 ('0061031321','terry pratchett'),
 ('0061031321','book'),
 ('0061059072','discworld'),
 ('0061059072','fantasy'),
 ('0061059072','terry pratchett'),
 ('0061059072','humor'),
 ('0061059072','book'),
 ('0380818191','discworld'),
 ('0380818191','fantasy'),
 ('0380818191','terry pratchett'),
 ('0380818191','humor'),
 ('0380818191','pratchett'),
 ('0061056901','discworld'),
 ('0061056901','fantasy'),
 ('0061056901','terry pratchett'),
 ('0061056901','humor'),
 ('0061056901','satirical fantasy'),
 ('0060872675','discworld'),
 ('0060872675','pratchett'),
 ('0060872675','vimes'),
 ('0060872675','childrens books'),
 ('0060872675','humor'),
 ('0060094931','fantasy'),
 ('0060094931','pratchett'),
 ('0060094931','terry pratchett'),
 ('0060094931','comedy'),
 ('0060094931','discworld'),
 ('0060013168','discworld'),
 ('0060013168','fantasy'),
 ('0060013168','terry pratchett'),
 ('0060013168','book'),
 ('0060013168','humor'),
 ('0060541938','terry pratchett'),
 ('0061020400','discworld'),
 ('0061020400','fantasy'),
 ('0061020400','terry pratchett'),
 ('0061020400','humor'),
 ('0061020400','book'),
 ('0060815310','discworld'),
 ('0060815310','terry pratchett'),
 ('0060815310','fantasy'),
 ('0060815310','humor'),
 ('0060815310','satire'),
 ('0060541873','terry pratchett'),
 ('0060541873','adventure'),
 ('0060541873','humorous'),
 ('0060541873','kids fantasy'),
 ('0060541873','book'),
 ('0060541903','terry pratchett'),
 ('0060541903','fiction'),
 ('0060541903','adventure'),
 ('0060541903','book'),
 ('0060541903','discworld'),
 ('0552133256','terry pratchett'),
 ('0552133256','humor'),
 ('0552133256','discworld'),
 ('0552133256','fantasy'),
 ('0552133256','british fantasy'),
 ('0441783589','science fiction'),
 ('0441783589','military science fiction'),
 ('0441783589','heinlein'),
 ('0441783589','excellent war science fiction'),
 ('0441783589','military'),
 ('0441788386','science fiction'),
 ('0441788386','heinlein'),
 ('0441788386','hugo award'),
 ('0441788386','sci-fi -- societal change'),
 ('0441788386','robert a heinlein'),
 ('0312863551','science fiction'),
 ('0312863551','heinlein'),
 ('0312863551','libertarian'),
 ('0312863551','classic sci-fi'),
 ('0312863551','revolution'),
 ('0441810764','science fiction'),
 ('0441810764','heinlein'),
 ('0441810764','lazarus long'),
 ('0441810764','polyamory'),
 ('0441810764','robert a heinlein'),
 ('0345316509','heinlein'),
 ('0345316509','science fiction'),
 ('0345316509','fantasy'),
 ('0345316509','christianity'),
 ('0345316509','afterlife'),
 ('0345330129','science fiction'),
 ('0345330129','heinlein'),
 ('0345330129','time travel'),
 ('0345330129','robert a heinlein'),
 ('0345330129','cats'),
 ('1416505490','science fiction'),
 ('1416505490','heinlein'),
 ('1416505490','juvenile fiction'),
 ('1416505490','robert a heinlein'),
 ('1416505490','aliens'),
 ('0575075414','2007'),
 ('0575075414','2007f'),
 ('0575075414','not free sf reader'),
 ('0451462254','sm stirling'),
 ('0451462254','post-apocalyptic'),
 ('0451462254','alternate history'),
 ('0451462254','science fiction'),
 ('0451460413','post-apocalyptic'),
 ('0451460413','end of the world'),
 ('0451460413','alternate history'),
 ('0451460413','science fiction'),
 ('0451460413','apocalypse'),
 ('0451460774','post-apocalyptic'),
 ('0451460774','science fiction'),
 ('0451460774','alternate history'),
 ('0451460774','boring'),
 ('0451460774','baen mainstay'),
 ('0451461665','alternate history'),
 ('0451461665','sm stirling'),
 ('0451461665','post-apocalyptic'),
 ('0451461665','science fiction'),
 ('0451461665','end of the world'),
 ('1416555862','looking glass series'),
 ('1416555862','ringo'),
 ('1416555862','scifi'),
 ('1416555862','vorpal blade'),
 ('1416555714','john ringo'),
 ('1416555714','military science fiction'),
 ('1416555714','close combat'),
 ('1416555714','michael savage'),
 ('1416555714','sf military'),
 ('1416555218','john ringo'),
 ('1416555218','military science fiction'),
 ('1416555218','military fiction'),
 ('1416555218','eric flint'),
 ('1416555218','space opera'),
 ('1416521054','military science fiction'),
 ('1416521054','john ringo'),
 ('1416521054','alien invasion'),
 ('1416521054','science fiction'),
 ('1416521054','adventure scifi'),
 ('0812568834','catherine asaro'),
 ('0812568834','alternate universe'),
 ('0812568834','military science fiction'),
 ('0812568834','nebula winner'),
 ('0812568834','intrigue'),
 ('0765345579','catherine asaro'),
 ('0765345579','science fiction'),
 ('0765345579','military space opera'),
 ('0765345579','dyhianna'),
 ('0765345579','eldrinson'),
 ('0812550234','catherine asaro'),
 ('0812550234','fantasy sci-fi women'),
 ('0812550234','romantic space opera'),
 ('0812550234','galactic warrior women'),
 ('0812550234','read-fantasy'),
 ('0812551028','catherine asaro'),
 ('0812551028','scifi romance'),
 ('0812551028','series'),
 ('0812551028','space opera'),
 ('0812551028','contemporary romance'),
 ('0446579823','satire'),
 ('0446579823','supreme court'),
 ('0446579823','political'),
 ('0446579823','humor'),
 ('0446579823','politics'),
 ('1573223328','feudal japan'),
 ('1573223328','fantasy'),
 ('1573223328','fantasy adventure'),
 ('1573223328','fantasy japanese fiction'),
 ('1573223328','historical fiction'),
 ('0765355558','epic space opera'),
 ('0765355558','science fiction'),
 ('0765355558','magic'),
 ('0765355558','military science fiction'),
 ('0765355558','aborigine mythology'),
 ('0553293354','science fiction'),
 ('0553293354','foundation series'),
 ('0553293354','asimov'),
 ('0553293354','isaac asimov'),
 ('0553293354','foundation'),
 ('0553587579','science fiction'),
 ('0553587579','foundation series'),
 ('0553587579','isaac asimov'),
 ('0553587579','asimov'),
 ('0553587579','foundation'),
 ('0553293370','science fiction'),
 ('0553293370','isaac asimov'),
 ('0553293370','foundation series'),
 ('0553293370','asimov'),
 ('0553293370','space opera'),
 ('0553293362','science fiction'),
 ('0553293362','isaac asimov'),
 ('0553293362','asimov'),
 ('0553293362','foundation series'),
 ('0553293362','foundation'),
 ('0553278398','science fiction'),
 ('0553278398','foundation series'),
 ('0553278398','isaac asimov'),
 ('0553278398','asimov'),
 ('0553278398','space opera'),
 ('0061629243','mathematics'),
 ('0061629243','estimation'),
 ('0061629243','geek'),
 ('0061629243','trivia'),
 ('0061629243','renewable energy'),
 ('1594480036','fantasy japanese fiction'),
 ('1594480036','feudal japan'),
 ('1594480036','fantasy'),
 ('1594480036','lian hearn'),
 ('1594480036','historical fantasy'),
 ('0765320460','toread'),
 ('0765320460','dark fantasy'),
 ('0765320460','dystopian'),
 ('0765320460','fantasy'),
 ('0765320460','future'),
 ('0375848118','book'),
 ('0375848118','fairy tale'),
 ('0375848118','snow white and rose red'),
 ('0375848118','toread'),
 ('0375848118','waiting for reviews'),
 ('0786948574','fantasy'),
 ('0786948574','dark fantasy'),
 ('0786948574','epic fantasy'),
 ('0786948574','literary fantasy'),
 ('0786948574','ants'),
 ('0060530928','neil gaiman'),
 ('0060530928','dave mckean'),
 ('0060530928','fantasy'),
 ('0060530928','ghost story'),
 ('0060530928','ghost'),
 ('0441015948','science fiction'),
 ('0441015948','charles stross'),
 ('0441015948','robots'),
 ('0441015948','cheesecake cover'),
 ('0441015948','space opera'),
 ('0060558121','neil gaiman'),
 ('0060558121','urban fantasy'),
 ('0060558121','mythology'),
 ('0060558121','modern fantasy'),
 ('0060558121','fantasy'),
 ('1563890119','graphic novel'),
 ('1563890119','neil gaiman'),
 ('1563890119','sandman'),
 ('1563890119','comics'),
 ('1563890119','vertigo'),
 ('0060557818','neil gaiman'),
 ('0060557818','urban fantasy'),
 ('0060557818','fantasy'),
 ('0060557818','fantasy adventure'),
 ('0060557818','parallel worlds'),
 ('0930289595','graphic novel'),
 ('0930289595','neil gaiman'),
 ('0930289595','sandman'),
 ('0930289595','comics'),
 ('0930289595','fantasy');
/*!40000 ALTER TABLE `tags` ENABLE KEYS */;


--
-- Definition of table `user`
--

DROP TABLE IF EXISTS `user`;
CREATE TABLE `user` (
  `username` varchar(30) NOT NULL,
  `password` varchar(30) NOT NULL,
  `email` varchar(255) default NULL,
  `date_joined` date NOT NULL,
  PRIMARY KEY  (`username`)
) ENGINE=InnoDB DEFAULT CHARSET=latin1;

--
-- Dumping data for table `user`
--

/*!40000 ALTER TABLE `user` DISABLE KEYS */;
INSERT INTO `user` (`username`,`password`,`email`,`date_joined`) VALUES 
 ('apple','banana','cranberry','2008-09-16'),
 ('scumbkt','mdl3128','levan.matthew@gmail.com','2008-11-21');
/*!40000 ALTER TABLE `user` ENABLE KEYS */;


--
-- Definition of procedure `addBook`
--

DROP PROCEDURE IF EXISTS `addBook`;

DELIMITER $$

/*!50003 SET @TEMP_SQL_MODE=@@SQL_MODE, SQL_MODE='STRICT_TRANS_TABLES,NO_AUTO_CREATE_USER' */ $$
CREATE DEFINER=`root`@`localhost` PROCEDURE `addBook`(
        isbn VARCHAR(10), title TEXT, amaz_rating DECIMAL(4,3), pub_date VARCHAR(10),
        pages INTEGER, small_url TEXT, medium_url TEXT, large_url TEXT,
        authors TEXT, altVers TEXT, tags TEXT)
BEGIN
   INSERT INTO book VALUES(isbn, title, amaz_rating, pub_date, pages, small_url, medium_url, large_url);
   CALL insertAltVers(isbn, altVers);
   CALL insertAuthors(isbn, authors);
   CALL insertTags(isbn, tags);
END $$
/*!50003 SET SESSION SQL_MODE=@TEMP_SQL_MODE */  $$

DELIMITER ;

--
-- Definition of procedure `addToLibrary`
--

DROP PROCEDURE IF EXISTS `addToLibrary`;

DELIMITER $$

/*!50003 SET @TEMP_SQL_MODE=@@SQL_MODE, SQL_MODE='STRICT_TRANS_TABLES,NO_AUTO_CREATE_USER' */ $$
CREATE DEFINER=`root`@`localhost` PROCEDURE `addToLibrary`(username VARCHAR(30), isbn VARCHAR(10))
BEGIN
   INSERT INTO lib_entry VALUES(null, username, isbn, null, CURDATE(), null, null);
   SELECT LAST_INSERT_ID() as id;
END $$
/*!50003 SET SESSION SQL_MODE=@TEMP_SQL_MODE */  $$

DELIMITER ;

--
-- Definition of procedure `addToPlaylist`
--

DROP PROCEDURE IF EXISTS `addToPlaylist`;

DELIMITER $$

/*!50003 SET @TEMP_SQL_MODE=@@SQL_MODE, SQL_MODE='STRICT_TRANS_TABLES,NO_AUTO_CREATE_USER' */ $$
CREATE DEFINER=`root`@`localhost` PROCEDURE `addToPlaylist`(qUsername VARCHAR(30), qIsbn VARCHAR(10), playlistName VARCHAR(30))
BEGIN
   DECLARE entryId INT;
   DECLARE newNumber INT;
   SELECT lib_id INTO entryId FROM lib_entry WHERE isbn = qIsbn AND username = qUsername;
   SELECT count(*) INTO newNumber FROM playlist_entry WHERE username = qUsername AND playlist_name = playlistName;

   INSERT INTO playlist_entry VALUES(entryId, playlistName, newNumber+1, qUsername);
END $$
/*!50003 SET SESSION SQL_MODE=@TEMP_SQL_MODE */  $$

DELIMITER ;

--
-- Definition of procedure `deletePlaylistEntry`
--

DROP PROCEDURE IF EXISTS `deletePlaylistEntry`;

DELIMITER $$

/*!50003 SET @TEMP_SQL_MODE=@@SQL_MODE, SQL_MODE='STRICT_TRANS_TABLES,NO_AUTO_CREATE_USER' */ $$
CREATE DEFINER=`root`@`localhost` PROCEDURE `deletePlaylistEntry`(playlistId INT UNSIGNED)
BEGIN
   DECLARE playlistName VARCHAR(30);
   SELECT playlist_name INTO playlistName FROM playlist_entry WHERE playlist_id = playlistId;
   CALL movePlaylistEntry(playlistId,(SELECT COUNT(*) from playlist_entry WHERE playlist_name = playlistName));
   DELETE FROM playlist_entry WHERE playlist_id = playlistId;
END $$
/*!50003 SET SESSION SQL_MODE=@TEMP_SQL_MODE */  $$

DELIMITER ;

--
-- Definition of procedure `getData`
--

DROP PROCEDURE IF EXISTS `getData`;

DELIMITER $$

/*!50003 SET @TEMP_SQL_MODE=@@SQL_MODE, SQL_MODE='STRICT_TRANS_TABLES,NO_AUTO_CREATE_USER' */ $$
CREATE DEFINER=`root`@`localhost` PROCEDURE `getData`(userNameIn VARCHAR(30), playlistName VARCHAR(30), taglist TEXT)
BEGIN
   DECLARE i INT;
   DECLARE temp TEXT;
   DECLARE done BOOLEAN;

   CREATE TEMPORARY TABLE hasTags(
      tag VARCHAR(30)
   );

   IF NOT taglist IS NULL THEN
      SET i = LOCATE(',',taglist)+1;
      SET temp = taglist;
      SET done = false;

      WHILE NOT done DO
         INSERT INTO hasTags VALUES(SUBSTRING_INDEX(temp,',',1));
         SET i = LOCATE(',',temp)+1;
         IF i=1 THEN SET done = true; END IF;
         SET temp = SUBSTRING(temp, i);
      END WHILE;

      IF playlistName IS NULL THEN
         SELECT DISTINCT a.isbn, b.lib_id, title, (select GROUP_CONCAT(author SEPARATOR ', ') from booktracker.authors where authors.isbn=a.isbn) as author,
            amaz_rating, pub_date, pages, small_url, medium_url, large_url,
            user_rating, date_added, date_started, date_finished
            FROM book a, lib_entry b, tags c
               WHERE a.isbn = b.isbn
               AND b.username = userNameIn
               AND c.isbn = a.isbn
               AND c.isbn IN (SELECT DISTINCT isbn
                     FROM booktracker.tags AS PS1
                        WHERE NOT EXISTS
                          (SELECT * FROM booktracker.hasTags AS ht
                             WHERE NOT EXISTS
                                (SELECT *
                                   FROM booktracker.tags AS PS2
                                      WHERE (PS1.isbn = PS2.isbn)
                                      AND (PS2.tag = ht.tag)
                                )
                          )
                  ) ORDER BY lib_id;
         SELECT tag, num FROM
            (SELECT tag, count(*) as num FROM booktracker.tags WHERE isbn IN
               (SELECT b.isbn FROM booktracker.lib_entry b, book a WHERE username = userNameIn
                AND b.isbn IN
                  (SELECT DISTINCT isbn
                     FROM booktracker.tags AS PS1
                        WHERE NOT EXISTS
                          (SELECT * FROM booktracker.hasTags AS ht
                             WHERE NOT EXISTS
                                (SELECT *
                                   FROM booktracker.tags AS PS2
                                      WHERE (PS1.isbn = PS2.isbn)
                                      AND (PS2.tag = ht.tag)
                                )
                          )
                  )
               )
            GROUP BY tag ORDER BY num DESC LIMIT 50) as tab
         ORDER BY tag ASC;
      ELSE                             
         SELECT d.entry_id AS lib_id
            FROM book a, lib_entry b, tags c, playlist_entry d
               WHERE a.isbn = b.isbn
               AND b.lib_id = d.entry_id
               AND d.playlist_name = playlistName
               AND b.username = userNameIn
               AND c.isbn = a.isbn
               AND c.isbn IN (SELECT DISTINCT isbn
                     FROM booktracker.tags AS PS1
                        WHERE NOT EXISTS
                          (SELECT * FROM booktracker.hasTags AS ht
                             WHERE NOT EXISTS
                                (SELECT *
                                   FROM booktracker.tags AS PS2
                                      WHERE (PS1.isbn = PS2.isbn)
                                      AND (PS2.tag = ht.tag)
                                )
                          )
                  ) ORDER BY order_num;
         SELECT tag, num FROM
            (SELECT tag, count(*) as num FROM booktracker.tags WHERE isbn IN
               (SELECT a.isbn from booktracker.lib_entry a, booktracker.playlist_entry b, book c
               WHERE a.lib_id = b.entry_id
               AND a.username = userNameIn
               AND b.playlist_name = playlistName
               AND a.isbn IN
                  (SELECT DISTINCT isbn
                     FROM booktracker.tags AS PS1
                        WHERE NOT EXISTS
                          (SELECT * FROM booktracker.hasTags AS ht
                             WHERE NOT EXISTS
                                (SELECT *
                                   FROM booktracker.tags AS PS2
                                      WHERE (PS1.isbn = PS2.isbn)
                                      AND (PS2.tag = ht.tag)
                                )
                          )
                  )
               )
            GROUP BY tag ORDER BY num DESC LIMIT 50) as tab
         ORDER BY tag ASC;
      END IF;
   ELSE
      IF playlistName IS NULL THEN
         SELECT DISTINCT a.isbn, b.lib_id, title, (select GROUP_CONCAT(author SEPARATOR ', ') from booktracker.authors where authors.isbn=a.isbn) as author,
            amaz_rating, pub_date, pages, small_url, medium_url, large_url,
            user_rating, date_added, date_started, date_finished
            FROM book a, lib_entry b
               WHERE a.isbn = b.isbn
               AND b.username = userNameIn
               ORDER BY lib_id;
         SELECT tag, num FROM
            (SELECT tag, count(*) as num FROM booktracker.tags WHERE isbn IN
               (SELECT b.isbn FROM booktracker.lib_entry b, book a
                  WHERE username = userNameIn
                  AND a.isbn = b.isbn
               )
               GROUP BY tag ORDER BY num DESC LIMIT 50) as tab
            ORDER BY tag ASC;
      ELSE                        
         SELECT c.entry_id AS lib_id
            FROM book a, lib_entry b, playlist_entry c
               WHERE a.isbn = b.isbn
               AND b.lib_id = c.entry_id
               AND c.playlist_name = playlistName
               AND b.username = userNameIn
               ORDER BY order_num;
         SELECT tag, num FROM
            (SELECT tag, count(*) as num FROM booktracker.tags WHERE isbn IN
               (SELECT a.isbn from booktracker.lib_entry a, booktracker.playlist_entry b, book c
               WHERE a.lib_id = b.entry_id
               AND a.username = userNameIn
               AND b.playlist_name = playlistName)
               GROUP BY tag ORDER BY num DESC LIMIT 50) as tab
            ORDER BY tag ASC;
      END IF;
   END IF;

   DROP TABLE hasTags;
END $$
/*!50003 SET SESSION SQL_MODE=@TEMP_SQL_MODE */  $$

DELIMITER ;

--
-- Definition of procedure `insertAltVers`
--

DROP PROCEDURE IF EXISTS `insertAltVers`;

DELIMITER $$

/*!50003 SET @TEMP_SQL_MODE=@@SQL_MODE, SQL_MODE='STRICT_TRANS_TABLES,NO_AUTO_CREATE_USER' */ $$
CREATE DEFINER=`root`@`localhost` PROCEDURE `insertAltVers`(isbn VARCHAR(10), altVers TEXT)
BEGIN
   DECLARE i INT;
   DECLARE temp TEXT;
   DECLARE done BOOLEAN;

   IF NOT altVers IS NULL THEN
      SET i = LOCATE(',',altVers)+1;
      SET temp = altVers;
      SET done = false;

      WHILE NOT done DO
         INSERT INTO alt_vers VALUES(isbn,SUBSTRING_INDEX(temp,',',1));
         SET i = LOCATE(',',temp)+1;
         IF i=1 THEN SET done = true; END IF;
         SET temp = SUBSTRING(temp, i);
      END WHILE;
   END IF;
END $$
/*!50003 SET SESSION SQL_MODE=@TEMP_SQL_MODE */  $$

DELIMITER ;

--
-- Definition of procedure `insertAuthors`
--

DROP PROCEDURE IF EXISTS `insertAuthors`;

DELIMITER $$

/*!50003 SET @TEMP_SQL_MODE=@@SQL_MODE, SQL_MODE='STRICT_TRANS_TABLES,NO_AUTO_CREATE_USER' */ $$
CREATE DEFINER=`root`@`localhost` PROCEDURE `insertAuthors`(isbn VARCHAR(10), authors TEXT)
BEGIN
   DECLARE i INT;
   DECLARE temp TEXT;
   DECLARE done BOOLEAN;


   IF NOT authors IS NULL THEN
      SET i = LOCATE(',',authors)+1;
      SET temp = authors;
      SET done = false;


      WHILE NOT done DO
         INSERT INTO authors VALUES(isbn,SUBSTRING_INDEX(temp,',',1));
         SET i = LOCATE(',',temp)+1;
         IF i=1 THEN SET done = true; END IF;
         SET temp = SUBSTRING(temp, i);
      END WHILE;
   END IF;
END $$
/*!50003 SET SESSION SQL_MODE=@TEMP_SQL_MODE */  $$

DELIMITER ;

--
-- Definition of procedure `insertTags`
--

DROP PROCEDURE IF EXISTS `insertTags`;

DELIMITER $$

/*!50003 SET @TEMP_SQL_MODE=@@SQL_MODE, SQL_MODE='STRICT_TRANS_TABLES,NO_AUTO_CREATE_USER' */ $$
CREATE DEFINER=`root`@`localhost` PROCEDURE `insertTags`(isbn VARCHAR(10), tags TEXT)
BEGIN
   DECLARE i INT;
   DECLARE temp TEXT;
   DECLARE done BOOLEAN;

   IF NOT tags IS NULL THEN
      SET i = LOCATE(',',tags)+1;
      SET temp = tags;
      SET done = false;

      WHILE NOT done DO
         INSERT INTO tags VALUES(isbn,SUBSTRING_INDEX(temp,',',1));
         SET i = LOCATE(',',temp)+1;
         IF i=1 THEN SET done = true; END IF;
         SET temp = SUBSTRING(temp, i);
     END WHILE;
   END IF;
END $$
/*!50003 SET SESSION SQL_MODE=@TEMP_SQL_MODE */  $$

DELIMITER ;

--
-- Definition of procedure `movePlaylistEntry`
--

DROP PROCEDURE IF EXISTS `movePlaylistEntry`;

DELIMITER $$

/*!50003 SET @TEMP_SQL_MODE=@@SQL_MODE, SQL_MODE='STRICT_TRANS_TABLES,NO_AUTO_CREATE_USER' */ $$
CREATE DEFINER=`root`@`localhost` PROCEDURE `movePlaylistEntry`(playlistId INT UNSIGNED, newIndex INT UNSIGNED)
BEGIN

   DECLARE oldIndex INT UNSIGNED;
   DECLARE temp INT UNSIGNED;
   DECLARE playlistName VARCHAR(30);

   SELECT order_num INTO oldIndex FROM playlist_entry WHERE playlist_id = playlistId;
   SELECT playlist_name INTO playlistName FROM playlist_entry WHERE playlist_id = playlistId;

   IF newIndex > oldIndex THEN
      WHILE newIndex > oldIndex DO
         SET temp = oldIndex;
         UPDATE playlist_entry SET order_num = oldIndex WHERE order_num = oldIndex+1 AND playlist_name = playlistName;
         SET oldIndex = oldIndex+1;
      END WHILE;
      UPDATE playlist_entry SET order_num = newIndex WHERE playlist_id = playlistId;
   ELSEIF newIndex <= oldIndex THEN
      WHILE newIndex < oldIndex DO
         SET temp = oldIndex;
         UPDATE playlist_entry SET order_num = oldIndex+1 WHERE order_num = oldIndex AND playlist_name = playlistName;
         SET oldIndex = oldIndex-1;
      END WHILE;
      UPDATE playlist_entry SET order_num = newIndex WHERE playlist_id = playlistId;
   END IF;
END $$
/*!50003 SET SESSION SQL_MODE=@TEMP_SQL_MODE */  $$

DELIMITER ;



/*!40101 SET SQL_MODE=@OLD_SQL_MODE */;
/*!40014 SET FOREIGN_KEY_CHECKS=@OLD_FOREIGN_KEY_CHECKS */;
/*!40014 SET UNIQUE_CHECKS=@OLD_UNIQUE_CHECKS */;
/*!40101 SET CHARACTER_SET_CLIENT=@OLD_CHARACTER_SET_CLIENT */;
/*!40101 SET CHARACTER_SET_RESULTS=@OLD_CHARACTER_SET_RESULTS */;
/*!40101 SET COLLATION_CONNECTION=@OLD_COLLATION_CONNECTION */;
/*!40101 SET CHARACTER_SET_CLIENT=@OLD_CHARACTER_SET_CLIENT */;
